Workbook

Sheet Leeme
A1: CX ID 998 · Cambio de decodificador Android · Planilla de observación normalizada
A3: Fuente | B3: Planilla de observación en campo, pre-piloto La Plata (24 y 25 de septiembre). 27 visitas acompañadas (Lucas: V01-V16, Marcelo: V17-V27).
A4: Anonimización | B4: Se eliminaron nombres de clientes y ANI/teléfonos/direcciones. Cada visita se identifica como V01-V27. Los técnicos se identifican como Técnico A (V01-V16) y Técnico B (V17-V27).
A5: Base de análisis | B5: 25 recambios. Se excluyen de los conteos V07 y V15, registradas como 'Instalación' (no son recambios). Siguen visibles en los datos, sombreadas en gris.
A6: Criterios reformulados | B6: Los criterios redactados en negativo se pasaron a positivo, manteniendo las respuestas como estaban (decisión del equipo). Columna 'Criterio original' en la hoja Datos_normalizados.
A7: Alertas de polaridad | B7: Si una nota del observador contradice la lectura positiva, la fila queda en amarillo con una alerta. En esas filas, el conteo S/N no es confiable: usá las notas.
A8: Codificación | B8: Hoja Codificado: S (incluye 'S - ...' y 'Sí...'), N (incluye 'N - ...', 'No,...' y 'No explicó...'), N/A, Nota (observación textual sin S/N) y Sin registro (celda vacía).
A9: Hojas de validación | B9: Veredictos: veredicto, confianza, justificación, contraevidencia y reformulación de cada hipótesis, más las hipótesis emergentes y las reglas de decisión. Validación_hipótesis: evidencia por indicador en dos capas, Registrado (fórmulas sobre Codificado, total y por técnico) y Observado (notas de campo codificadas, con las visitas listadas).
A10: Hoja Resumen | B10: Conteos por criterio calculados con fórmulas sobre la hoja Codificado, solo para visitas con 'Base recambio = Sí'. Si corregís un código, el resumen se recalcula.
A11: Qué podés editar | B11: Hoja Codificado (códigos) y fila 2 de Codificado (inclusión en la base). No edites la hoja Resumen: son fórmulas.
A12: Otros ajustes | B12: V04 no tiene técnico, observador ni fecha registrados. En 'Consulta sobre aspectos de uso' la fila original tenía 28 valores: las consultas por control por voz se asignaron a V19 y V25, por consistencia con la fila 'Prueba del servicio'.

Sheet Validación_hipótesis
A1: Validación de hipótesis: evidencia registrada (planilla S/N, con fórmulas) y observada (notas de campo)
A2: Registrado: casos que confirman la predicción sobre los casos aplicables (se excluyen N/A y celdas sin registro), en la base de recambios. Observado: codificación manual de las notas; el n se calcula a partir de las visitas listadas. Los valores en azul del Técnico A/B son conteos manuales.
A4: Hip. | B4: Capa | C4: Indicador / evidencia | D4: Predicción si la hipótesis es cierta · visitas | E4: Confirma (n) | F4: Aplicables (n) | G4: % confirma | H4: Téc. A confirma | I4: Téc. A aplicables | J4: Téc. B confirma | K4: Téc. B aplicables | L4: Alerta de calidad
A5: H1. Existen momentos críticos dentro de la visita (llegada, explicación, instalación, prueba y cierre) que determinan la satisfacción final del cliente.
A6: H1 | B6: Registrado | C6: Prueba del servicio: el momento genera una reacción relevante del cliente | D6: Si H1 es cierta, el cliente reacciona (pregunta, se entusiasma, duda) al ver la nueva interfaz. [confirma: S, Nota] | E6: =COUNTIFS(Codificado!$E$6:$AE$6,"S",Codificado!$E$2:$AE$2,"Sí")+COUNTIFS(Codificado!$E$6:$AE$6,"Nota",Codificado!$E$2:$AE$2,"Sí") | F6: =COUNTIFS(Codificado!$E$6:$AE$6,"S",Codificado!$E$2:$AE$2,"Sí")+COUNTIFS(Codificado!$E$6:$AE$6,"Nota",Codificado!$E$2:$AE$2,"Sí")+COUNTIFS(Codificado!$E$6:$AE$6,"N",Codificado!$E$2:$AE$2,"Sí") | G6: =IFERROR(E6/F6,"-") | H6: =COUNTIFS(Codificado!$E$6:$T$6,"S",Codificado!$E$2:$T$2,"Sí")+COUNTIFS(Codificado!$E$6:$T$6,"Nota",Codificado!$E$2:$T$2,"Sí") | I6: =COUNTIFS(Codificado!$E$6:$T$6,"S",Codificado!$E$2:$T$2,"Sí")+COUNTIFS(Codificado!$E$6:$T$6,"Nota",Codificado!$E$2:$T$2,"Sí")+COUNTIFS(Codificado!$E$6:$T$6,"N",Codificado!$E$2:$T$2,"Sí") | J6: =COUNTIFS(Codificado!$U$6:$AE$6,"S",Codificado!$U$2:$AE$2,"Sí")+COUNTIFS(Codificado!$U$6:$AE$6,"Nota",Codificado!$U$2:$AE$2,"Sí") | K6: =COUNTIFS(Codificado!$U$6:$AE$6,"S",Codificado!$U$2:$AE$2,"Sí")+COUNTIFS(Codificado!$U$6:$AE$6,"Nota",Codificado!$U$2:$AE$2,"Sí")+COUNTIFS(Codificado!$U$6:$AE$6,"N",Codificado!$U$2:$AE$2,"Sí")
A7: H1 | B7: Registrado | C7: Explicación del cambio: el momento genera una reacción relevante del cliente | D7: El momento de la explicación genera reacción del cliente. [confirma: S, Nota] | E7: =COUNTIFS(Codificado!$E$4:$AE$4,"S",Codificado!$E$2:$AE$2,"Sí")+COUNTIFS(Codificado!$E$4:$AE$4,"Nota",Codificado!$E$2:$AE$2,"Sí") | F7: =COUNTIFS(Codificado!$E$4:$AE$4,"S",Codificado!$E$2:$AE$2,"Sí")+COUNTIFS(Codificado!$E$4:$AE$4,"Nota",Codificado!$E$2:$AE$2,"Sí")+COUNTIFS(Codificado!$E$4:$AE$4,"N",Codificado!$E$2:$AE$2,"Sí") | G7: =IFERROR(E7/F7,"-") | H7: =COUNTIFS(Codificado!$E$4:$T$4,"S",Codificado!$E$2:$T$2,"Sí")+COUNTIFS(Codificado!$E$4:$T$4,"Nota",Codificado!$E$2:$T$2,"Sí") | I7: =COUNTIFS(Codificado!$E$4:$T$4,"S",Codificado!$E$2:$T$2,"Sí")+COUNTIFS(Codificado!$E$4:$T$4,"Nota",Codificado!$E$2:$T$2,"Sí")+COUNTIFS(Codificado!$E$4:$T$4,"N",Codificado!$E$2:$T$2,"Sí") | J7: =COUNTIFS(Codificado!$U$4:$AE$4,"S",Codificado!$U$2:$AE$2,"Sí")+COUNTIFS(Codificado!$U$4:$AE$4,"Nota",Codificado!$U$2:$AE$2,"Sí") | K7: =COUNTIFS(Codificado!$U$4:$AE$4,"S",Codificado!$U$2:$AE$2,"Sí")+COUNTIFS(Codificado!$U$4:$AE$4,"Nota",Codificado!$U$2:$AE$2,"Sí")+COUNTIFS(Codificado!$U$4:$AE$4,"N",Codificado!$U$2:$AE$2,"Sí")
A8: H1 | B8: Registrado | C8: Instalación: el momento genera una reacción relevante del cliente | D8: La instalación genera reacción del cliente. [confirma: S, Nota] | E8: =COUNTIFS(Codificado!$E$5:$AE$5,"S",Codificado!$E$2:$AE$2,"Sí")+COUNTIFS(Codificado!$E$5:$AE$5,"Nota",Codificado!$E$2:$AE$2,"Sí") | F8: =COUNTIFS(Codificado!$E$5:$AE$5,"S",Codificado!$E$2:$AE$2,"Sí")+COUNTIFS(Codificado!$E$5:$AE$5,"Nota",Codificado!$E$2:$AE$2,"Sí")+COUNTIFS(Codificado!$E$5:$AE$5,"N",Codificado!$E$2:$AE$2,"Sí") | G8: =IFERROR(E8/F8,"-") | H8: =COUNTIFS(Codificado!$E$5:$T$5,"S",Codificado!$E$2:$T$2,"Sí")+COUNTIFS(Codificado!$E$5:$T$5,"Nota",Codificado!$E$2:$T$2,"Sí") | I8: =COUNTIFS(Codificado!$E$5:$T$5,"S",Codificado!$E$2:$T$2,"Sí")+COUNTIFS(Codificado!$E$5:$T$5,"Nota",Codificado!$E$2:$T$2,"Sí")+COUNTIFS(Codificado!$E$5:$T$5,"N",Codificado!$E$2:$T$2,"Sí") | J8: =COUNTIFS(Codificado!$U$5:$AE$5,"S",Codificado!$U$2:$AE$2,"Sí")+COUNTIFS(Codificado!$U$5:$AE$5,"Nota",Codificado!$U$2:$AE$2,"Sí") | K8: =COUNTIFS(Codificado!$U$5:$AE$5,"S",Codificado!$U$2:$AE$2,"Sí")+COUNTIFS(Codificado!$U$5:$AE$5,"Nota",Codificado!$U$2:$AE$2,"Sí")+COUNTIFS(Codificado!$U$5:$AE$5,"N",Codificado!$U$2:$AE$2,"Sí")
A9: H1 | B9: Registrado | C9: Cierre: el momento genera una reacción relevante del cliente | D9: El cierre genera reacción del cliente. [confirma: S, Nota] | E9: =COUNTIFS(Codificado!$E$7:$AE$7,"S",Codificado!$E$2:$AE$2,"Sí")+COUNTIFS(Codificado!$E$7:$AE$7,"Nota",Codificado!$E$2:$AE$2,"Sí") | F9: =COUNTIFS(Codificado!$E$7:$AE$7,"S",Codificado!$E$2:$AE$2,"Sí")+COUNTIFS(Codificado!$E$7:$AE$7,"Nota",Codificado!$E$2:$AE$2,"Sí")+COUNTIFS(Codificado!$E$7:$AE$7,"N",Codificado!$E$2:$AE$2,"Sí") | G9: =IFERROR(E9/F9,"-") | H9: =COUNTIFS(Codificado!$E$7:$T$7,"S",Codificado!$E$2:$T$2,"Sí")+COUNTIFS(Codificado!$E$7:$T$7,"Nota",Codificado!$E$2:$T$2,"Sí") | I9: =COUNTIFS(Codificado!$E$7:$T$7,"S",Codificado!$E$2:$T$2,"Sí")+COUNTIFS(Codificado!$E$7:$T$7,"Nota",Codificado!$E$2:$T$2,"Sí")+COUNTIFS(Codificado!$E$7:$T$7,"N",Codificado!$E$2:$T$2,"Sí") | J9: =COUNTIFS(Codificado!$U$7:$AE$7,"S",Codificado!$U$2:$AE$2,"Sí")+COUNTIFS(Codificado!$U$7:$AE$7,"Nota",Codificado!$U$2:$AE$2,"Sí") | K9: =COUNTIFS(Codificado!$U$7:$AE$7,"S",Codificado!$U$2:$AE$2,"Sí")+COUNTIFS(Codificado!$U$7:$AE$7,"Nota",Codificado!$U$2:$AE$2,"Sí")+COUNTIFS(Codificado!$U$7:$AE$7,"N",Codificado!$U$2:$AE$2,"Sí")
A10: H1 | B10: Registrado | C10: Llegada: el momento genera una reacción relevante del cliente (sorpresa, duda, emoción) | D10: La llegada genera reacción del cliente. [confirma: S, Nota] | E10: =COUNTIFS(Codificado!$E$3:$AE$3,"S",Codificado!$E$2:$AE$2,"Sí")+COUNTIFS(Codificado!$E$3:$AE$3,"Nota",Codificado!$E$2:$AE$2,"Sí") | F10: =COUNTIFS(Codificado!$E$3:$AE$3,"S",Codificado!$E$2:$AE$2,"Sí")+COUNTIFS(Codificado!$E$3:$AE$3,"Nota",Codificado!$E$2:$AE$2,"Sí")+COUNTIFS(Codificado!$E$3:$AE$3,"N",Codificado!$E$2:$AE$2,"Sí") | G10: =IFERROR(E10/F10,"-") | H10: =COUNTIFS(Codificado!$E$3:$T$3,"S",Codificado!$E$2:$T$2,"Sí")+COUNTIFS(Codificado!$E$3:$T$3,"Nota",Codificado!$E$2:$T$2,"Sí") | I10: =COUNTIFS(Codificado!$E$3:$T$3,"S",Codificado!$E$2:$T$2,"Sí")+COUNTIFS(Codificado!$E$3:$T$3,"Nota",Codificado!$E$2:$T$2,"Sí")+COUNTIFS(Codificado!$E$3:$T$3,"N",Codificado!$E$2:$T$2,"Sí") | J10: =COUNTIFS(Codificado!$U$3:$AE$3,"S",Codificado!$U$2:$AE$2,"Sí")+COUNTIFS(Codificado!$U$3:$AE$3,"Nota",Codificado!$U$2:$AE$2,"Sí") | K10: =COUNTIFS(Codificado!$U$3:$AE$3,"S",Codificado!$U$2:$AE$2,"Sí")+COUNTIFS(Codificado!$U$3:$AE$3,"Nota",Codificado!$U$2:$AE$2,"Sí")+COUNTIFS(Codificado!$U$3:$AE$3,"N",Codificado!$U$2:$AE$2,"Sí")
A11: H1 | B11: Observado | C11: Preguntas de uso en la prueba del servicio (HBO, Netflix, control, voz, apps) | D11: V10, V14, V16, V17, V25 | E11: =LEN(D11)-LEN(SUBSTITUTE(D11,"V","")) | F11: =COUNTIF(Codificado!$E$2:$AE$2,"Sí") | G11: =IFERROR(E11/F11,"-") | H11: 3 | I11: 14 | J11: 2 | K11: 11
A12: H1 | B12: Observado | C12: Expresiones de entusiasmo o satisfacción en la prueba o el cierre | D12: V01, V03, V08, V11, V16 | E12: =LEN(D12)-LEN(SUBSTITUTE(D12,"V","")) | F12: =COUNTIF(Codificado!$E$2:$AE$2,"Sí") | G12: =IFERROR(E12/F12,"-") | H12: 5 | I12: 14 | J12: 0 | K12: 11
A13: H1 | B13: Observado | C13: Notas de llegada: todas logísticas, ninguna emocional | D13: V06, V09, V13, V14, V23 | E13: =LEN(D13)-LEN(SUBSTITUTE(D13,"V","")) | F13: =COUNTIF(Codificado!$E$2:$AE$2,"Sí") | G13: =IFERROR(E13/F13,"-") | H13: 4 | I13: 14 | J13: 1 | K13: 11
A14: H2. La experiencia del cliente depende en gran medida de la capacidad del técnico para explicar beneficios, funcionamiento y pasos de la instalación.
A15: H2 | B15: Registrado | C15: Explicaciones claras, correctas y completas | D15: Si la experiencia depende del técnico y no hay guion, habrá brechas en la explicación proactiva (N = no explicó la Guía). [confirma: N] | E15: =COUNTIFS(Codificado!$E$10:$AE$10,"N",Codificado!$E$2:$AE$2,"Sí") | F15: =COUNTIFS(Codificado!$E$10:$AE$10,"N",Codificado!$E$2:$AE$2,"Sí")+COUNTIFS(Codificado!$E$10:$AE$10,"S",Codificado!$E$2:$AE$2,"Sí") | G15: =IFERROR(E15/F15,"-") | H15: =COUNTIFS(Codificado!$E$10:$T$10,"N",Codificado!$E$2:$T$2,"Sí") | I15: =COUNTIFS(Codificado!$E$10:$T$10,"N",Codificado!$E$2:$T$2,"Sí")+COUNTIFS(Codificado!$E$10:$T$10,"S",Codificado!$E$2:$T$2,"Sí") | J15: =COUNTIFS(Codificado!$U$10:$AE$10,"N",Codificado!$U$2:$AE$2,"Sí") | K15: =COUNTIFS(Codificado!$U$10:$AE$10,"N",Codificado!$U$2:$AE$2,"Sí")+COUNTIFS(Codificado!$U$10:$AE$10,"S",Codificado!$U$2:$AE$2,"Sí")
A16: H2 | B16: Registrado | C16: Ante preguntas: responde correctamente y de manera completa | D16: El técnico resuelve las dudas cuando el cliente pregunta. [confirma: S] | E16: =COUNTIFS(Codificado!$E$8:$AE$8,"S",Codificado!$E$2:$AE$2,"Sí") | F16: =COUNTIFS(Codificado!$E$8:$AE$8,"S",Codificado!$E$2:$AE$2,"Sí")+COUNTIFS(Codificado!$E$8:$AE$8,"N",Codificado!$E$2:$AE$2,"Sí") | G16: =IFERROR(E16/F16,"-") | H16: =COUNTIFS(Codificado!$E$8:$T$8,"S",Codificado!$E$2:$T$2,"Sí") | I16: =COUNTIFS(Codificado!$E$8:$T$8,"S",Codificado!$E$2:$T$2,"Sí")+COUNTIFS(Codificado!$E$8:$T$8,"N",Codificado!$E$2:$T$2,"Sí") | J16: =COUNTIFS(Codificado!$U$8:$AE$8,"S",Codificado!$U$2:$AE$2,"Sí") | K16: =COUNTIFS(Codificado!$U$8:$AE$8,"S",Codificado!$U$2:$AE$2,"Sí")+COUNTIFS(Codificado!$U$8:$AE$8,"N",Codificado!$U$2:$AE$2,"Sí")
A17: H2 | B17: Registrado | C17: Ante preguntas reiteradas sobre el mismo tema, reformula y adapta su lenguaje | D17: Ante preguntas reiteradas, el técnico adapta el lenguaje. [confirma: S] | E17: =COUNTIFS(Codificado!$E$9:$AE$9,"S",Codificado!$E$2:$AE$2,"Sí") | F17: =COUNTIFS(Codificado!$E$9:$AE$9,"S",Codificado!$E$2:$AE$2,"Sí")+COUNTIFS(Codificado!$E$9:$AE$9,"N",Codificado!$E$2:$AE$2,"Sí") | G17: =IFERROR(E17/F17,"-") | H17: =COUNTIFS(Codificado!$E$9:$T$9,"S",Codificado!$E$2:$T$2,"Sí") | I17: =COUNTIFS(Codificado!$E$9:$T$9,"S",Codificado!$E$2:$T$2,"Sí")+COUNTIFS(Codificado!$E$9:$T$9,"N",Codificado!$E$2:$T$2,"Sí") | J17: =COUNTIFS(Codificado!$U$9:$AE$9,"S",Codificado!$U$2:$AE$2,"Sí") | K17: =COUNTIFS(Codificado!$U$9:$AE$9,"S",Codificado!$U$2:$AE$2,"Sí")+COUNTIFS(Codificado!$U$9:$AE$9,"N",Codificado!$U$2:$AE$2,"Sí")
A18: H2 | B18: Registrado | C18: Demuestra empatía y contención | D18: El técnico demuestra empatía y contención. [confirma: S] | E18: =COUNTIFS(Codificado!$E$11:$AE$11,"S",Codificado!$E$2:$AE$2,"Sí") | F18: =COUNTIFS(Codificado!$E$11:$AE$11,"S",Codificado!$E$2:$AE$2,"Sí")+COUNTIFS(Codificado!$E$11:$AE$11,"N",Codificado!$E$2:$AE$2,"Sí") | G18: =IFERROR(E18/F18,"-") | H18: =COUNTIFS(Codificado!$E$11:$T$11,"S",Codificado!$E$2:$T$2,"Sí") | I18: =COUNTIFS(Codificado!$E$11:$T$11,"S",Codificado!$E$2:$T$2,"Sí")+COUNTIFS(Codificado!$E$11:$T$11,"N",Codificado!$E$2:$T$2,"Sí") | J18: =COUNTIFS(Codificado!$U$11:$AE$11,"S",Codificado!$U$2:$AE$2,"Sí") | K18: =COUNTIFS(Codificado!$U$11:$AE$11,"S",Codificado!$U$2:$AE$2,"Sí")+COUNTIFS(Codificado!$U$11:$AE$11,"N",Codificado!$U$2:$AE$2,"Sí")
A19: H2 | B19: Observado | C19: Dudas sobre elementos que no se explicaron (grilla, Home, accesos directos, vincular el control, voz) | D19: V06, V08, V14, V19, V25 | E19: =LEN(D19)-LEN(SUBSTITUTE(D19,"V","")) | F19: =COUNTIF(Codificado!$E$2:$AE$2,"Sí") | G19: =IFERROR(E19/F19,"-") | H19: 3 | I19: 14 | J19: 2 | K19: 11
A20: H2 | B20: Observado | C20: Visitas con explicación de Home / Guía / Menú | D20: V05, V09, V17 | E20: =LEN(D20)-LEN(SUBSTITUTE(D20,"V","")) | F20: =COUNTIF(Codificado!$E$2:$AE$2,"Sí") | G20: =IFERROR(E20/F20,"-") | H20: 2 | I20: 14 | J20: 1 | K20: 11
A21: H3. Existen barreras operativas y administrativas que afectan la fluidez de la instalación.
A22: H3 | B22: Registrado | C22: ¿El técnico necesitó reintentar la instalación? | D22: Si hay barreras operativas, el técnico tendrá que reintentar la instalación. [confirma: S] | E22: =COUNTIFS(Codificado!$E$12:$AE$12,"S",Codificado!$E$2:$AE$2,"Sí") | F22: =COUNTIFS(Codificado!$E$12:$AE$12,"S",Codificado!$E$2:$AE$2,"Sí")+COUNTIFS(Codificado!$E$12:$AE$12,"N",Codificado!$E$2:$AE$2,"Sí") | G22: =IFERROR(E22/F22,"-") | H22: =COUNTIFS(Codificado!$E$12:$T$12,"S",Codificado!$E$2:$T$2,"Sí") | I22: =COUNTIFS(Codificado!$E$12:$T$12,"S",Codificado!$E$2:$T$2,"Sí")+COUNTIFS(Codificado!$E$12:$T$12,"N",Codificado!$E$2:$T$2,"Sí") | J22: =COUNTIFS(Codificado!$U$12:$AE$12,"S",Codificado!$U$2:$AE$2,"Sí") | K22: =COUNTIFS(Codificado!$U$12:$AE$12,"S",Codificado!$U$2:$AE$2,"Sí")+COUNTIFS(Codificado!$U$12:$AE$12,"N",Codificado!$U$2:$AE$2,"Sí")
A23: H3 | B23: Registrado | C23: ¿El técnico necesitó pedir soporte técnico durante la visita? | D23: El técnico necesitará pedir soporte durante la visita. [confirma: S] | E23: =COUNTIFS(Codificado!$E$13:$AE$13,"S",Codificado!$E$2:$AE$2,"Sí") | F23: =COUNTIFS(Codificado!$E$13:$AE$13,"S",Codificado!$E$2:$AE$2,"Sí")+COUNTIFS(Codificado!$E$13:$AE$13,"N",Codificado!$E$2:$AE$2,"Sí") | G23: =IFERROR(E23/F23,"-") | H23: =COUNTIFS(Codificado!$E$13:$T$13,"S",Codificado!$E$2:$T$2,"Sí") | I23: =COUNTIFS(Codificado!$E$13:$T$13,"S",Codificado!$E$2:$T$2,"Sí")+COUNTIFS(Codificado!$E$13:$T$13,"N",Codificado!$E$2:$T$2,"Sí") | J23: =COUNTIFS(Codificado!$U$13:$AE$13,"S",Codificado!$U$2:$AE$2,"Sí") | K23: =COUNTIFS(Codificado!$U$13:$AE$13,"S",Codificado!$U$2:$AE$2,"Sí")+COUNTIFS(Codificado!$U$13:$AE$13,"N",Codificado!$U$2:$AE$2,"Sí")
A24: H3 | B24: Registrado | C24: ¿El dispositivo se reconoce inmediatamente? | D24: El dispositivo no se reconocerá de inmediato (N o nota de falla). [confirma: N, Nota] | E24: =COUNTIFS(Codificado!$E$16:$AE$16,"N",Codificado!$E$2:$AE$2,"Sí")+COUNTIFS(Codificado!$E$16:$AE$16,"Nota",Codificado!$E$2:$AE$2,"Sí") | F24: =COUNTIFS(Codificado!$E$16:$AE$16,"N",Codificado!$E$2:$AE$2,"Sí")+COUNTIFS(Codificado!$E$16:$AE$16,"Nota",Codificado!$E$2:$AE$2,"Sí")+COUNTIFS(Codificado!$E$16:$AE$16,"S",Codificado!$E$2:$AE$2,"Sí") | G24: =IFERROR(E24/F24,"-") | H24: =COUNTIFS(Codificado!$E$16:$T$16,"N",Codificado!$E$2:$T$2,"Sí")+COUNTIFS(Codificado!$E$16:$T$16,"Nota",Codificado!$E$2:$T$2,"Sí") | I24: =COUNTIFS(Codificado!$E$16:$T$16,"N",Codificado!$E$2:$T$2,"Sí")+COUNTIFS(Codificado!$E$16:$T$16,"Nota",Codificado!$E$2:$T$2,"Sí")+COUNTIFS(Codificado!$E$16:$T$16,"S",Codificado!$E$2:$T$2,"Sí") | J24: =COUNTIFS(Codificado!$U$16:$AE$16,"N",Codificado!$U$2:$AE$2,"Sí")+COUNTIFS(Codificado!$U$16:$AE$16,"Nota",Codificado!$U$2:$AE$2,"Sí") | K24: =COUNTIFS(Codificado!$U$16:$AE$16,"N",Codificado!$U$2:$AE$2,"Sí")+COUNTIFS(Codificado!$U$16:$AE$16,"Nota",Codificado!$U$2:$AE$2,"Sí")+COUNTIFS(Codificado!$U$16:$AE$16,"S",Codificado!$U$2:$AE$2,"Sí")
A25: H3 | B25: Registrado | C25: ¿El cliente reclama el reemplazo de decos no declarados? | D25: El cliente reclamará el reemplazo de decos no declarados. [confirma: S] | E25: =COUNTIFS(Codificado!$E$15:$AE$15,"S",Codificado!$E$2:$AE$2,"Sí") | F25: =COUNTIFS(Codificado!$E$15:$AE$15,"S",Codificado!$E$2:$AE$2,"Sí")+COUNTIFS(Codificado!$E$15:$AE$15,"N",Codificado!$E$2:$AE$2,"Sí") | G25: =IFERROR(E25/F25,"-") | H25: =COUNTIFS(Codificado!$E$15:$T$15,"S",Codificado!$E$2:$T$2,"Sí") | I25: =COUNTIFS(Codificado!$E$15:$T$15,"S",Codificado!$E$2:$T$2,"Sí")+COUNTIFS(Codificado!$E$15:$T$15,"N",Codificado!$E$2:$T$2,"Sí") | J25: =COUNTIFS(Codificado!$U$15:$AE$15,"S",Codificado!$U$2:$AE$2,"Sí") | K25: =COUNTIFS(Codificado!$U$15:$AE$15,"S",Codificado!$U$2:$AE$2,"Sí")+COUNTIFS(Codificado!$U$15:$AE$15,"N",Codificado!$U$2:$AE$2,"Sí")
A26: H3 | B26: Registrado | C26: Conciliación de los nuevos decos | D26: La conciliación no se completará. [confirma: N] | E26: =COUNTIFS(Codificado!$E$19:$AE$19,"N",Codificado!$E$2:$AE$2,"Sí") | F26: =COUNTIFS(Codificado!$E$19:$AE$19,"N",Codificado!$E$2:$AE$2,"Sí")+COUNTIFS(Codificado!$E$19:$AE$19,"S",Codificado!$E$2:$AE$2,"Sí") | G26: =IFERROR(E26/F26,"-") | H26: =COUNTIFS(Codificado!$E$19:$T$19,"N",Codificado!$E$2:$T$2,"Sí") | I26: =COUNTIFS(Codificado!$E$19:$T$19,"N",Codificado!$E$2:$T$2,"Sí")+COUNTIFS(Codificado!$E$19:$T$19,"S",Codificado!$E$2:$T$2,"Sí") | J26: =COUNTIFS(Codificado!$U$19:$AE$19,"N",Codificado!$U$2:$AE$2,"Sí") | K26: =COUNTIFS(Codificado!$U$19:$AE$19,"N",Codificado!$U$2:$AE$2,"Sí")+COUNTIFS(Codificado!$U$19:$AE$19,"S",Codificado!$U$2:$AE$2,"Sí")
A27: H3 | B27: Observado | C27: Discrepancia entre los decos del sistema y los del hogar | D27: V01, V05, V22 | E27: =LEN(D27)-LEN(SUBSTITUTE(D27,"V","")) | F27: =COUNTIF(Codificado!$E$2:$AE$2,"Sí") | G27: =IFERROR(E27/F27,"-") | H27: 2 | I27: 14 | J27: 1 | K27: 11
A28: H3 | B28: Observado | C28: HDMI o televisor que no funcionan (V27 figura S, con nota de HDMI) | D28: V03, V23, V27 | E28: =LEN(D28)-LEN(SUBSTITUTE(D28,"V","")) | F28: =COUNTIF(Codificado!$E$2:$AE$2,"Sí") | G28: =IFERROR(E28/F28,"-") | H28: 1 | I28: 14 | J28: 2 | K28: 11
A29: H3 | B29: Observado | C29: Conciliación completada en el viaje al siguiente cliente | D29: V19, V23 | E29: =LEN(D29)-LEN(SUBSTITUTE(D29,"V","")) | F29: =COUNTIF(Codificado!$E$2:$AE$2,"Sí") | G29: =IFERROR(E29/F29,"-") | H29: 0 | I29: 14 | J29: 2 | K29: 11
A30: H4. Parte de las fricciones no están asociadas al dispositivo, sino a limitaciones de gestión y registro (suscripciones, credenciales).
A31: H4 | B31: Registrado | C31: Las apps de terceros (Netflix/YouTube) se mantienen logueadas | D31: Las apps de terceros (Netflix, YouTube) no quedan logueadas después del cambio. [confirma: N] | E31: =COUNTIFS(Codificado!$E$23:$AE$23,"N",Codificado!$E$2:$AE$2,"Sí") | F31: =COUNTIFS(Codificado!$E$23:$AE$23,"N",Codificado!$E$2:$AE$2,"Sí")+COUNTIFS(Codificado!$E$23:$AE$23,"S",Codificado!$E$2:$AE$2,"Sí") | G31: =IFERROR(E31/F31,"-") | H31: =COUNTIFS(Codificado!$E$23:$T$23,"N",Codificado!$E$2:$T$2,"Sí") | I31: =COUNTIFS(Codificado!$E$23:$T$23,"N",Codificado!$E$2:$T$2,"Sí")+COUNTIFS(Codificado!$E$23:$T$23,"S",Codificado!$E$2:$T$2,"Sí") | J31: =COUNTIFS(Codificado!$U$23:$AE$23,"N",Codificado!$U$2:$AE$2,"Sí") | K31: =COUNTIFS(Codificado!$U$23:$AE$23,"N",Codificado!$U$2:$AE$2,"Sí")+COUNTIFS(Codificado!$U$23:$AE$23,"S",Codificado!$U$2:$AE$2,"Sí")
A32: H4 | B32: Registrado | C32: Las suscripciones previamente contratadas se mantienen activas | D32: Las suscripciones Movistar contratadas se pierden (alerta de polaridad). [confirma: N] | E32: =COUNTIFS(Codificado!$E$20:$AE$20,"N",Codificado!$E$2:$AE$2,"Sí") | F32: =COUNTIFS(Codificado!$E$20:$AE$20,"N",Codificado!$E$2:$AE$2,"Sí")+COUNTIFS(Codificado!$E$20:$AE$20,"S",Codificado!$E$2:$AE$2,"Sí") | G32: =IFERROR(E32/F32,"-") | H32: =COUNTIFS(Codificado!$E$20:$T$20,"N",Codificado!$E$2:$T$2,"Sí") | I32: =COUNTIFS(Codificado!$E$20:$T$20,"N",Codificado!$E$2:$T$2,"Sí")+COUNTIFS(Codificado!$E$20:$T$20,"S",Codificado!$E$2:$T$2,"Sí") | J32: =COUNTIFS(Codificado!$U$20:$AE$20,"N",Codificado!$U$2:$AE$2,"Sí") | K32: =COUNTIFS(Codificado!$U$20:$AE$20,"N",Codificado!$U$2:$AE$2,"Sí")+COUNTIFS(Codificado!$U$20:$AE$20,"S",Codificado!$U$2:$AE$2,"Sí") | L32: Polaridad a validar: leer con cautela
A33: H4 | B33: Registrado | C33: Las credenciales de las suscripciones se cargan automáticamente o el usuario las recuerda sin expresar disgusto | D33: Las credenciales no se cargan solas y el cliente no las recuerda (alerta de polaridad). [confirma: N] | E33: =COUNTIFS(Codificado!$E$22:$AE$22,"N",Codificado!$E$2:$AE$2,"Sí") | F33: =COUNTIFS(Codificado!$E$22:$AE$22,"N",Codificado!$E$2:$AE$2,"Sí")+COUNTIFS(Codificado!$E$22:$AE$22,"S",Codificado!$E$2:$AE$2,"Sí") | G33: =IFERROR(E33/F33,"-") | H33: =COUNTIFS(Codificado!$E$22:$T$22,"N",Codificado!$E$2:$T$2,"Sí") | I33: =COUNTIFS(Codificado!$E$22:$T$22,"N",Codificado!$E$2:$T$2,"Sí")+COUNTIFS(Codificado!$E$22:$T$22,"S",Codificado!$E$2:$T$2,"Sí") | J33: =COUNTIFS(Codificado!$U$22:$AE$22,"N",Codificado!$U$2:$AE$2,"Sí") | K33: =COUNTIFS(Codificado!$U$22:$AE$22,"N",Codificado!$U$2:$AE$2,"Sí")+COUNTIFS(Codificado!$U$22:$AE$22,"S",Codificado!$U$2:$AE$2,"Sí") | L33: Polaridad a validar: leer con cautela
A34: H4 | B34: Observado | C34: Fricción con apps de terceros o credenciales (sin sesión, modo visita, carga asistida) | D34: V05, V06, V09, V16, V22, V23, V25, V27 | E34: =LEN(D34)-LEN(SUBSTITUTE(D34,"V","")) | F34: =COUNTIF(Codificado!$E$2:$AE$2,"Sí") | G34: =IFERROR(E34/F34,"-") | H34: 4 | I34: 14 | J34: 4 | K34: 11
A35: H4 | B35: Observado | C35: Packs Movistar visibles después del cambio (fútbol) | D35: V04, V11, V13 | E35: =LEN(D35)-LEN(SUBSTITUTE(D35,"V","")) | F35: =COUNTIF(Codificado!$E$2:$AE$2,"Sí") | G35: =IFERROR(E35/F35,"-") | H35: 3 | I35: 14 | J35: 0 | K35: 11
A36: H4 | B36: Observado | C36: Delegación de la carga de apps en un familiar (hija, nieto) | D36: V05, V22 | E36: =LEN(D36)-LEN(SUBSTITUTE(D36,"V","")) | F36: =COUNTIF(Codificado!$E$2:$AE$2,"Sí") | G36: =IFERROR(E36/F36,"-") | H36: 1 | I36: 14 | J36: 1 | K36: 11
A37: H5. Existen consultas recurrentes que podrían resolverse previamente mediante comunicaciones o materiales explicativos.
A38: H5 | B38: Registrado | C38: Dudas que generan más tiempo de visita | D38: Habrá dudas que alargan la visita. [confirma: Nota] | E38: =COUNTIFS(Codificado!$E$24:$AE$24,"Nota",Codificado!$E$2:$AE$2,"Sí") | F38: =COUNTIFS(Codificado!$E$24:$AE$24,"Nota",Codificado!$E$2:$AE$2,"Sí")+COUNTIFS(Codificado!$E$24:$AE$24,"N",Codificado!$E$2:$AE$2,"Sí") | G38: =IFERROR(E38/F38,"-") | H38: =COUNTIFS(Codificado!$E$24:$T$24,"Nota",Codificado!$E$2:$T$2,"Sí") | I38: =COUNTIFS(Codificado!$E$24:$T$24,"Nota",Codificado!$E$2:$T$2,"Sí")+COUNTIFS(Codificado!$E$24:$T$24,"N",Codificado!$E$2:$T$2,"Sí") | J38: =COUNTIFS(Codificado!$U$24:$AE$24,"Nota",Codificado!$U$2:$AE$2,"Sí") | K38: =COUNTIFS(Codificado!$U$24:$AE$24,"Nota",Codificado!$U$2:$AE$2,"Sí")+COUNTIFS(Codificado!$U$24:$AE$24,"N",Codificado!$U$2:$AE$2,"Sí")
A39: H5 | B39: Registrado | C39: El cliente consulta sobre aspectos de uso (otra TV, control remoto, funciones de voz) | D39: El cliente consultará sobre el uso (control, apps, voz). [confirma: Nota] | E39: =COUNTIFS(Codificado!$E$27:$AE$27,"Nota",Codificado!$E$2:$AE$2,"Sí") | F39: =COUNTIFS(Codificado!$E$27:$AE$27,"Nota",Codificado!$E$2:$AE$2,"Sí")+COUNTIFS(Codificado!$E$27:$AE$27,"N",Codificado!$E$2:$AE$2,"Sí") | G39: =IFERROR(E39/F39,"-") | H39: =COUNTIFS(Codificado!$E$27:$T$27,"Nota",Codificado!$E$2:$T$2,"Sí") | I39: =COUNTIFS(Codificado!$E$27:$T$27,"Nota",Codificado!$E$2:$T$2,"Sí")+COUNTIFS(Codificado!$E$27:$T$27,"N",Codificado!$E$2:$T$2,"Sí") | J39: =COUNTIFS(Codificado!$U$27:$AE$27,"Nota",Codificado!$U$2:$AE$2,"Sí") | K39: =COUNTIFS(Codificado!$U$27:$AE$27,"Nota",Codificado!$U$2:$AE$2,"Sí")+COUNTIFS(Codificado!$U$27:$AE$27,"N",Codificado!$U$2:$AE$2,"Sí") | L39: Polaridad a validar: leer con cautela
A40: H5 | B40: Registrado | C40: El cliente consulta sobre otros temas ajenos a la gestión (facturación, débito, otra avería) | D40: El cliente consultará sobre temas ajenos al recambio. [confirma: Nota] | E40: =COUNTIFS(Codificado!$E$28:$AE$28,"Nota",Codificado!$E$2:$AE$2,"Sí") | F40: =COUNTIFS(Codificado!$E$28:$AE$28,"Nota",Codificado!$E$2:$AE$2,"Sí")+COUNTIFS(Codificado!$E$28:$AE$28,"N",Codificado!$E$2:$AE$2,"Sí") | G40: =IFERROR(E40/F40,"-") | H40: =COUNTIFS(Codificado!$E$28:$T$28,"Nota",Codificado!$E$2:$T$2,"Sí") | I40: =COUNTIFS(Codificado!$E$28:$T$28,"Nota",Codificado!$E$2:$T$2,"Sí")+COUNTIFS(Codificado!$E$28:$T$28,"N",Codificado!$E$2:$T$2,"Sí") | J40: =COUNTIFS(Codificado!$U$28:$AE$28,"Nota",Codificado!$U$2:$AE$2,"Sí") | K40: =COUNTIFS(Codificado!$U$28:$AE$28,"Nota",Codificado!$U$2:$AE$2,"Sí")+COUNTIFS(Codificado!$U$28:$AE$28,"N",Codificado!$U$2:$AE$2,"Sí")
A41: H5 | B41: Registrado | C41: El cliente reclama comunicación / información previa | D41: El cliente reclamará información previa. [confirma: Nota] | E41: =COUNTIFS(Codificado!$E$29:$AE$29,"Nota",Codificado!$E$2:$AE$2,"Sí") | F41: =COUNTIFS(Codificado!$E$29:$AE$29,"Nota",Codificado!$E$2:$AE$2,"Sí")+COUNTIFS(Codificado!$E$29:$AE$29,"N",Codificado!$E$2:$AE$2,"Sí") | G41: =IFERROR(E41/F41,"-") | H41: =COUNTIFS(Codificado!$E$29:$T$29,"Nota",Codificado!$E$2:$T$2,"Sí") | I41: =COUNTIFS(Codificado!$E$29:$T$29,"Nota",Codificado!$E$2:$T$2,"Sí")+COUNTIFS(Codificado!$E$29:$T$29,"N",Codificado!$E$2:$T$2,"Sí") | J41: =COUNTIFS(Codificado!$U$29:$AE$29,"Nota",Codificado!$U$2:$AE$2,"Sí") | K41: =COUNTIFS(Codificado!$U$29:$AE$29,"Nota",Codificado!$U$2:$AE$2,"Sí")+COUNTIFS(Codificado!$U$29:$AE$29,"N",Codificado!$U$2:$AE$2,"Sí")
A42: H5 | B42: Registrado | C42: El cliente consulta sobre aspectos operativos (carga o baja de una suscripción) | D42: El cliente consultará sobre la carga de suscripciones. [confirma: Nota] | E42: =COUNTIFS(Codificado!$E$26:$AE$26,"Nota",Codificado!$E$2:$AE$2,"Sí") | F42: =COUNTIFS(Codificado!$E$26:$AE$26,"Nota",Codificado!$E$2:$AE$2,"Sí")+COUNTIFS(Codificado!$E$26:$AE$26,"N",Codificado!$E$2:$AE$2,"Sí") | G42: =IFERROR(E42/F42,"-") | H42: =COUNTIFS(Codificado!$E$26:$T$26,"Nota",Codificado!$E$2:$T$2,"Sí") | I42: =COUNTIFS(Codificado!$E$26:$T$26,"Nota",Codificado!$E$2:$T$2,"Sí")+COUNTIFS(Codificado!$E$26:$T$26,"N",Codificado!$E$2:$T$2,"Sí") | J42: =COUNTIFS(Codificado!$U$26:$AE$26,"Nota",Codificado!$U$2:$AE$2,"Sí") | K42: =COUNTIFS(Codificado!$U$26:$AE$26,"Nota",Codificado!$U$2:$AE$2,"Sí")+COUNTIFS(Codificado!$U$26:$AE$26,"N",Codificado!$U$2:$AE$2,"Sí")
A43: H5 | B43: Registrado | C43: El cliente consulta sobre aspectos administrativos (costo, beneficio, titularidad) | D43: El cliente consultará por costo o titularidad. [confirma: Nota] | E43: =COUNTIFS(Codificado!$E$25:$AE$25,"Nota",Codificado!$E$2:$AE$2,"Sí") | F43: =COUNTIFS(Codificado!$E$25:$AE$25,"Nota",Codificado!$E$2:$AE$2,"Sí")+COUNTIFS(Codificado!$E$25:$AE$25,"N",Codificado!$E$2:$AE$2,"Sí") | G43: =IFERROR(E43/F43,"-") | H43: =COUNTIFS(Codificado!$E$25:$T$25,"Nota",Codificado!$E$2:$T$2,"Sí") | I43: =COUNTIFS(Codificado!$E$25:$T$25,"Nota",Codificado!$E$2:$T$2,"Sí")+COUNTIFS(Codificado!$E$25:$T$25,"N",Codificado!$E$2:$T$2,"Sí") | J43: =COUNTIFS(Codificado!$U$25:$AE$25,"Nota",Codificado!$U$2:$AE$2,"Sí") | K43: =COUNTIFS(Codificado!$U$25:$AE$25,"Nota",Codificado!$U$2:$AE$2,"Sí")+COUNTIFS(Codificado!$U$25:$AE$25,"N",Codificado!$U$2:$AE$2,"Sí")
A44: H5 | B44: Observado | C44: Pregunta por el motivo del cambio | D44: V02, V03, V04, V05, V12, V13, V19, V23, V24, V25 | E44: =LEN(D44)-LEN(SUBSTITUTE(D44,"V","")) | F44: =COUNTIF(Codificado!$E$2:$AE$2,"Sí") | G44: =IFERROR(E44/F44,"-") | H44: 6 | I44: 14 | J44: 4 | K44: 11
A45: H5 | B45: Observado | C45: Pedidos ajenos al recambio (wifi, módem, repetidor, deco adicional) | D45: V03, V11, V13, V22 | E45: =LEN(D45)-LEN(SUBSTITUTE(D45,"V","")) | F45: =COUNTIF(Codificado!$E$2:$AE$2,"Sí") | G45: =IFERROR(E45/F45,"-") | H45: 3 | I45: 14 | J45: 1 | K45: 11
A46: H5 | B46: Observado | C46: Pregunta por el costo | D46: V04 | E46: =LEN(D46)-LEN(SUBSTITUTE(D46,"V","")) | F46: =COUNTIF(Codificado!$E$2:$AE$2,"Sí") | G46: =IFERROR(E46/F46,"-") | H46: 1 | I46: 14 | J46: 0 | K46: 11
A47: H6. Los clientes llegan a la visita con bajo conocimiento sobre el motivo y alcance del cambio de deco.
A48: H6 | B48: Registrado | C48: El cliente expresa haber recibido comunicación previa | D48: El cliente no recuerda haber recibido comunicación (alerta de polaridad). [confirma: N] | E48: =COUNTIFS(Codificado!$E$30:$AE$30,"N",Codificado!$E$2:$AE$2,"Sí") | F48: =COUNTIFS(Codificado!$E$30:$AE$30,"N",Codificado!$E$2:$AE$2,"Sí")+COUNTIFS(Codificado!$E$30:$AE$30,"S",Codificado!$E$2:$AE$2,"Sí") | G48: =IFERROR(E48/F48,"-") | H48: =COUNTIFS(Codificado!$E$30:$T$30,"N",Codificado!$E$2:$T$2,"Sí") | I48: =COUNTIFS(Codificado!$E$30:$T$30,"N",Codificado!$E$2:$T$2,"Sí")+COUNTIFS(Codificado!$E$30:$T$30,"S",Codificado!$E$2:$T$2,"Sí") | J48: =COUNTIFS(Codificado!$U$30:$AE$30,"N",Codificado!$U$2:$AE$2,"Sí") | K48: =COUNTIFS(Codificado!$U$30:$AE$30,"N",Codificado!$U$2:$AE$2,"Sí")+COUNTIFS(Codificado!$U$30:$AE$30,"S",Codificado!$U$2:$AE$2,"Sí") | L48: Polaridad a validar: leer con cautela
A49: H6 | B49: Registrado | C49: El cliente asume que el cambio tiene otro alcance (deco + control o solo deco) | D49: El cliente asume que el cambio tiene otro alcance. [confirma: S, Nota] | E49: =COUNTIFS(Codificado!$E$32:$AE$32,"S",Codificado!$E$2:$AE$2,"Sí")+COUNTIFS(Codificado!$E$32:$AE$32,"Nota",Codificado!$E$2:$AE$2,"Sí") | F49: =COUNTIFS(Codificado!$E$32:$AE$32,"S",Codificado!$E$2:$AE$2,"Sí")+COUNTIFS(Codificado!$E$32:$AE$32,"Nota",Codificado!$E$2:$AE$2,"Sí")+COUNTIFS(Codificado!$E$32:$AE$32,"N",Codificado!$E$2:$AE$2,"Sí") | G49: =IFERROR(E49/F49,"-") | H49: =COUNTIFS(Codificado!$E$32:$T$32,"S",Codificado!$E$2:$T$2,"Sí")+COUNTIFS(Codificado!$E$32:$T$32,"Nota",Codificado!$E$2:$T$2,"Sí") | I49: =COUNTIFS(Codificado!$E$32:$T$32,"S",Codificado!$E$2:$T$2,"Sí")+COUNTIFS(Codificado!$E$32:$T$32,"Nota",Codificado!$E$2:$T$2,"Sí")+COUNTIFS(Codificado!$E$32:$T$32,"N",Codificado!$E$2:$T$2,"Sí") | J49: =COUNTIFS(Codificado!$U$32:$AE$32,"S",Codificado!$U$2:$AE$2,"Sí")+COUNTIFS(Codificado!$U$32:$AE$32,"Nota",Codificado!$U$2:$AE$2,"Sí") | K49: =COUNTIFS(Codificado!$U$32:$AE$32,"S",Codificado!$U$2:$AE$2,"Sí")+COUNTIFS(Codificado!$U$32:$AE$32,"Nota",Codificado!$U$2:$AE$2,"Sí")+COUNTIFS(Codificado!$U$32:$AE$32,"N",Codificado!$U$2:$AE$2,"Sí")
A50: H6 | B50: Observado | C50: Pregunta por el motivo del cambio | D50: V02, V03, V04, V05, V12, V13, V19, V23, V24, V25 | E50: =LEN(D50)-LEN(SUBSTITUTE(D50,"V","")) | F50: =COUNTIF(Codificado!$E$2:$AE$2,"Sí") | G50: =IFERROR(E50/F50,"-") | H50: 6 | I50: 14 | J50: 4 | K50: 11
A51: H6 | B51: Observado | C51: Recuerda el llamado y aun así pregunta por el motivo (Técnico B) | D51: V19, V23, V24, V25 | E51: =LEN(D51)-LEN(SUBSTITUTE(D51,"V","")) | F51: =COUNTIF(Codificado!$E$2:$AE$2,"Sí") | G51: =IFERROR(E51/F51,"-") | H51: 0 | I51: 14 | J51: 4 | K51: 11
A52: H6 | B52: Observado | C52: Atiende alguien que no es el titular | D52: V01, V04, V09 | E52: =LEN(D52)-LEN(SUBSTITUTE(D52,"V","")) | F52: =COUNTIF(Codificado!$E$2:$AE$2,"Sí") | G52: =IFERROR(E52/F52,"-") | H52: 3 | I52: 14 | J52: 0 | K52: 11
A53: H6 | B53: Observado | C53: Cree que se cambia otro dispositivo | D53: V13 | E53: =LEN(D53)-LEN(SUBSTITUTE(D53,"V","")) | F53: =COUNTIF(Codificado!$E$2:$AE$2,"Sí") | G53: =IFERROR(E53/F53,"-") | H53: 1 | I53: 14 | J53: 0 | K53: 11
A54: H7. La nueva interfaz del SO y del control remoto genera dificultades de uso.
A55: H7 | B55: Registrado | C55: El cliente logra ver el contenido | D55: El cliente no logra ver el contenido. [confirma: N] | E55: =COUNTIFS(Codificado!$E$37:$AE$37,"N",Codificado!$E$2:$AE$2,"Sí") | F55: =COUNTIFS(Codificado!$E$37:$AE$37,"N",Codificado!$E$2:$AE$2,"Sí")+COUNTIFS(Codificado!$E$37:$AE$37,"S",Codificado!$E$2:$AE$2,"Sí") | G55: =IFERROR(E55/F55,"-") | H55: =COUNTIFS(Codificado!$E$37:$T$37,"N",Codificado!$E$2:$T$2,"Sí") | I55: =COUNTIFS(Codificado!$E$37:$T$37,"N",Codificado!$E$2:$T$2,"Sí")+COUNTIFS(Codificado!$E$37:$T$37,"S",Codificado!$E$2:$T$2,"Sí") | J55: =COUNTIFS(Codificado!$U$37:$AE$37,"N",Codificado!$U$2:$AE$2,"Sí") | K55: =COUNTIFS(Codificado!$U$37:$AE$37,"N",Codificado!$U$2:$AE$2,"Sí")+COUNTIFS(Codificado!$U$37:$AE$37,"S",Codificado!$U$2:$AE$2,"Sí")
A56: H7 | B56: Registrado | C56: El cliente logra ver datos de perfil | D56: El cliente no logra ver los datos de su perfil. [confirma: N] | E56: =COUNTIFS(Codificado!$E$39:$AE$39,"N",Codificado!$E$2:$AE$2,"Sí") | F56: =COUNTIFS(Codificado!$E$39:$AE$39,"N",Codificado!$E$2:$AE$2,"Sí")+COUNTIFS(Codificado!$E$39:$AE$39,"S",Codificado!$E$2:$AE$2,"Sí") | G56: =IFERROR(E56/F56,"-") | H56: =COUNTIFS(Codificado!$E$39:$T$39,"N",Codificado!$E$2:$T$2,"Sí") | I56: =COUNTIFS(Codificado!$E$39:$T$39,"N",Codificado!$E$2:$T$2,"Sí")+COUNTIFS(Codificado!$E$39:$T$39,"S",Codificado!$E$2:$T$2,"Sí") | J56: =COUNTIFS(Codificado!$U$39:$AE$39,"N",Codificado!$U$2:$AE$2,"Sí") | K56: =COUNTIFS(Codificado!$U$39:$AE$39,"N",Codificado!$U$2:$AE$2,"Sí")+COUNTIFS(Codificado!$U$39:$AE$39,"S",Codificado!$U$2:$AE$2,"Sí")
A57: H7 | B57: Registrado | C57: Tareas que generan más errores | D57: Habrá tareas que generen errores. [confirma: S, Nota] | E57: =COUNTIFS(Codificado!$E$33:$AE$33,"S",Codificado!$E$2:$AE$2,"Sí")+COUNTIFS(Codificado!$E$33:$AE$33,"Nota",Codificado!$E$2:$AE$2,"Sí") | F57: =COUNTIFS(Codificado!$E$33:$AE$33,"S",Codificado!$E$2:$AE$2,"Sí")+COUNTIFS(Codificado!$E$33:$AE$33,"Nota",Codificado!$E$2:$AE$2,"Sí")+COUNTIFS(Codificado!$E$33:$AE$33,"N",Codificado!$E$2:$AE$2,"Sí") | G57: =IFERROR(E57/F57,"-") | H57: =COUNTIFS(Codificado!$E$33:$T$33,"S",Codificado!$E$2:$T$2,"Sí")+COUNTIFS(Codificado!$E$33:$T$33,"Nota",Codificado!$E$2:$T$2,"Sí") | I57: =COUNTIFS(Codificado!$E$33:$T$33,"S",Codificado!$E$2:$T$2,"Sí")+COUNTIFS(Codificado!$E$33:$T$33,"Nota",Codificado!$E$2:$T$2,"Sí")+COUNTIFS(Codificado!$E$33:$T$33,"N",Codificado!$E$2:$T$2,"Sí") | J57: =COUNTIFS(Codificado!$U$33:$AE$33,"S",Codificado!$U$2:$AE$2,"Sí")+COUNTIFS(Codificado!$U$33:$AE$33,"Nota",Codificado!$U$2:$AE$2,"Sí") | K57: =COUNTIFS(Codificado!$U$33:$AE$33,"S",Codificado!$U$2:$AE$2,"Sí")+COUNTIFS(Codificado!$U$33:$AE$33,"Nota",Codificado!$U$2:$AE$2,"Sí")+COUNTIFS(Codificado!$U$33:$AE$33,"N",Codificado!$U$2:$AE$2,"Sí")
A58: H7 | B58: Registrado | C58: Cantidad de asistencias necesarias | D58: El cliente necesitará asistencias para usar el deco. [confirma: Nota] | E58: =COUNTIFS(Codificado!$E$35:$AE$35,"Nota",Codificado!$E$2:$AE$2,"Sí") | F58: =COUNTIFS(Codificado!$E$35:$AE$35,"Nota",Codificado!$E$2:$AE$2,"Sí")+COUNTIFS(Codificado!$E$35:$AE$35,"N",Codificado!$E$2:$AE$2,"Sí") | G58: =IFERROR(E58/F58,"-") | H58: =COUNTIFS(Codificado!$E$35:$T$35,"Nota",Codificado!$E$2:$T$2,"Sí") | I58: =COUNTIFS(Codificado!$E$35:$T$35,"Nota",Codificado!$E$2:$T$2,"Sí")+COUNTIFS(Codificado!$E$35:$T$35,"N",Codificado!$E$2:$T$2,"Sí") | J58: =COUNTIFS(Codificado!$U$35:$AE$35,"Nota",Codificado!$U$2:$AE$2,"Sí") | K58: =COUNTIFS(Codificado!$U$35:$AE$35,"Nota",Codificado!$U$2:$AE$2,"Sí")+COUNTIFS(Codificado!$U$35:$AE$35,"N",Codificado!$U$2:$AE$2,"Sí")
A59: H7 | B59: Registrado | C59: Botones más confusos | D59: Habrá botones que confundan al cliente. [confirma: Nota] | E59: =COUNTIFS(Codificado!$E$34:$AE$34,"Nota",Codificado!$E$2:$AE$2,"Sí") | F59: =COUNTIFS(Codificado!$E$34:$AE$34,"Nota",Codificado!$E$2:$AE$2,"Sí")+COUNTIFS(Codificado!$E$34:$AE$34,"N",Codificado!$E$2:$AE$2,"Sí") | G59: =IFERROR(E59/F59,"-") | H59: =COUNTIFS(Codificado!$E$34:$T$34,"Nota",Codificado!$E$2:$T$2,"Sí") | I59: =COUNTIFS(Codificado!$E$34:$T$34,"Nota",Codificado!$E$2:$T$2,"Sí")+COUNTIFS(Codificado!$E$34:$T$34,"N",Codificado!$E$2:$T$2,"Sí") | J59: =COUNTIFS(Codificado!$U$34:$AE$34,"Nota",Codificado!$U$2:$AE$2,"Sí") | K59: =COUNTIFS(Codificado!$U$34:$AE$34,"Nota",Codificado!$U$2:$AE$2,"Sí")+COUNTIFS(Codificado!$U$34:$AE$34,"N",Codificado!$U$2:$AE$2,"Sí")
A60: H7 | B60: Observado | C60: El cliente no intentó usar el control durante la visita | D60: V01, V17, V23, V27 | E60: =LEN(D60)-LEN(SUBSTITUTE(D60,"V","")) | F60: =COUNTIF(Codificado!$E$2:$AE$2,"Sí") | G60: =IFERROR(E60/F60,"-") | H60: 1 | I60: 14 | J60: 3 | K60: 11
A61: H7 | B61: Observado | C61: Dudas sobre botones (grilla, Home, Menú, accesos directos) | D61: V06, V08, V09, V11 | E61: =LEN(D61)-LEN(SUBSTITUTE(D61,"V","")) | F61: =COUNTIF(Codificado!$E$2:$AE$2,"Sí") | G61: =IFERROR(E61/F61,"-") | H61: 4 | I61: 14 | J61: 0 | K61: 11
A62: H7 | B62: Observado | C62: Valoración positiva del control o del deco (accesos directos, luz apagada) | D62: V17, V24 | E62: =LEN(D62)-LEN(SUBSTITUTE(D62,"V","")) | F62: =COUNTIF(Codificado!$E$2:$AE$2,"Sí") | G62: =IFERROR(E62/F62,"-") | H62: 0 | I62: 14 | J62: 2 | K62: 11
A63: H8. La nueva interfaz del SO y del control remoto genera frustración en la adopción.
A64: H8 | B64: Registrado | C64: Señales (gestos, muecas, expresiones) de resistencia al cambio | D64: Habrá señales de resistencia (gestos, expresiones). [confirma: S, Nota] | E64: =COUNTIFS(Codificado!$E$41:$AE$41,"S",Codificado!$E$2:$AE$2,"Sí")+COUNTIFS(Codificado!$E$41:$AE$41,"Nota",Codificado!$E$2:$AE$2,"Sí") | F64: =COUNTIFS(Codificado!$E$41:$AE$41,"S",Codificado!$E$2:$AE$2,"Sí")+COUNTIFS(Codificado!$E$41:$AE$41,"Nota",Codificado!$E$2:$AE$2,"Sí")+COUNTIFS(Codificado!$E$41:$AE$41,"N",Codificado!$E$2:$AE$2,"Sí") | G64: =IFERROR(E64/F64,"-") | H64: =COUNTIFS(Codificado!$E$41:$T$41,"S",Codificado!$E$2:$T$2,"Sí")+COUNTIFS(Codificado!$E$41:$T$41,"Nota",Codificado!$E$2:$T$2,"Sí") | I64: =COUNTIFS(Codificado!$E$41:$T$41,"S",Codificado!$E$2:$T$2,"Sí")+COUNTIFS(Codificado!$E$41:$T$41,"Nota",Codificado!$E$2:$T$2,"Sí")+COUNTIFS(Codificado!$E$41:$T$41,"N",Codificado!$E$2:$T$2,"Sí") | J64: =COUNTIFS(Codificado!$U$41:$AE$41,"S",Codificado!$U$2:$AE$2,"Sí")+COUNTIFS(Codificado!$U$41:$AE$41,"Nota",Codificado!$U$2:$AE$2,"Sí") | K64: =COUNTIFS(Codificado!$U$41:$AE$41,"S",Codificado!$U$2:$AE$2,"Sí")+COUNTIFS(Codificado!$U$41:$AE$41,"Nota",Codificado!$U$2:$AE$2,"Sí")+COUNTIFS(Codificado!$U$41:$AE$41,"N",Codificado!$U$2:$AE$2,"Sí")
A65: H8 | B65: Registrado | C65: El cliente manifiesta rechazo ante la nueva interfaz | D65: El cliente manifestará rechazo a la nueva interfaz. [confirma: S, Nota] | E65: =COUNTIFS(Codificado!$E$44:$AE$44,"S",Codificado!$E$2:$AE$2,"Sí")+COUNTIFS(Codificado!$E$44:$AE$44,"Nota",Codificado!$E$2:$AE$2,"Sí") | F65: =COUNTIFS(Codificado!$E$44:$AE$44,"S",Codificado!$E$2:$AE$2,"Sí")+COUNTIFS(Codificado!$E$44:$AE$44,"Nota",Codificado!$E$2:$AE$2,"Sí")+COUNTIFS(Codificado!$E$44:$AE$44,"N",Codificado!$E$2:$AE$2,"Sí") | G65: =IFERROR(E65/F65,"-") | H65: =COUNTIFS(Codificado!$E$44:$T$44,"S",Codificado!$E$2:$T$2,"Sí")+COUNTIFS(Codificado!$E$44:$T$44,"Nota",Codificado!$E$2:$T$2,"Sí") | I65: =COUNTIFS(Codificado!$E$44:$T$44,"S",Codificado!$E$2:$T$2,"Sí")+COUNTIFS(Codificado!$E$44:$T$44,"Nota",Codificado!$E$2:$T$2,"Sí")+COUNTIFS(Codificado!$E$44:$T$44,"N",Codificado!$E$2:$T$2,"Sí") | J65: =COUNTIFS(Codificado!$U$44:$AE$44,"S",Codificado!$U$2:$AE$2,"Sí")+COUNTIFS(Codificado!$U$44:$AE$44,"Nota",Codificado!$U$2:$AE$2,"Sí") | K65: =COUNTIFS(Codificado!$U$44:$AE$44,"S",Codificado!$U$2:$AE$2,"Sí")+COUNTIFS(Codificado!$U$44:$AE$44,"Nota",Codificado!$U$2:$AE$2,"Sí")+COUNTIFS(Codificado!$U$44:$AE$44,"N",Codificado!$U$2:$AE$2,"Sí")
A66: H8 | B66: Registrado | C66: Inseguridad manifiesta ("voy a necesitar ayuda", "no creo que pueda") | D66: El cliente expresará inseguridad. [confirma: S, Nota] | E66: =COUNTIFS(Codificado!$E$42:$AE$42,"S",Codificado!$E$2:$AE$2,"Sí")+COUNTIFS(Codificado!$E$42:$AE$42,"Nota",Codificado!$E$2:$AE$2,"Sí") | F66: =COUNTIFS(Codificado!$E$42:$AE$42,"S",Codificado!$E$2:$AE$2,"Sí")+COUNTIFS(Codificado!$E$42:$AE$42,"Nota",Codificado!$E$2:$AE$2,"Sí")+COUNTIFS(Codificado!$E$42:$AE$42,"N",Codificado!$E$2:$AE$2,"Sí") | G66: =IFERROR(E66/F66,"-") | H66: =COUNTIFS(Codificado!$E$42:$T$42,"S",Codificado!$E$2:$T$2,"Sí")+COUNTIFS(Codificado!$E$42:$T$42,"Nota",Codificado!$E$2:$T$2,"Sí") | I66: =COUNTIFS(Codificado!$E$42:$T$42,"S",Codificado!$E$2:$T$2,"Sí")+COUNTIFS(Codificado!$E$42:$T$42,"Nota",Codificado!$E$2:$T$2,"Sí")+COUNTIFS(Codificado!$E$42:$T$42,"N",Codificado!$E$2:$T$2,"Sí") | J66: =COUNTIFS(Codificado!$U$42:$AE$42,"S",Codificado!$U$2:$AE$2,"Sí")+COUNTIFS(Codificado!$U$42:$AE$42,"Nota",Codificado!$U$2:$AE$2,"Sí") | K66: =COUNTIFS(Codificado!$U$42:$AE$42,"S",Codificado!$U$2:$AE$2,"Sí")+COUNTIFS(Codificado!$U$42:$AE$42,"Nota",Codificado!$U$2:$AE$2,"Sí")+COUNTIFS(Codificado!$U$42:$AE$42,"N",Codificado!$U$2:$AE$2,"Sí")
A67: H8 | B67: Registrado | C67: El cliente requiere asistencia permanente del técnico (falta de autonomía) | D67: El cliente requerirá asistencia permanente del técnico. [confirma: S, Nota] | E67: =COUNTIFS(Codificado!$E$43:$AE$43,"S",Codificado!$E$2:$AE$2,"Sí")+COUNTIFS(Codificado!$E$43:$AE$43,"Nota",Codificado!$E$2:$AE$2,"Sí") | F67: =COUNTIFS(Codificado!$E$43:$AE$43,"S",Codificado!$E$2:$AE$2,"Sí")+COUNTIFS(Codificado!$E$43:$AE$43,"Nota",Codificado!$E$2:$AE$2,"Sí")+COUNTIFS(Codificado!$E$43:$AE$43,"N",Codificado!$E$2:$AE$2,"Sí") | G67: =IFERROR(E67/F67,"-") | H67: =COUNTIFS(Codificado!$E$43:$T$43,"S",Codificado!$E$2:$T$2,"Sí")+COUNTIFS(Codificado!$E$43:$T$43,"Nota",Codificado!$E$2:$T$2,"Sí") | I67: =COUNTIFS(Codificado!$E$43:$T$43,"S",Codificado!$E$2:$T$2,"Sí")+COUNTIFS(Codificado!$E$43:$T$43,"Nota",Codificado!$E$2:$T$2,"Sí")+COUNTIFS(Codificado!$E$43:$T$43,"N",Codificado!$E$2:$T$2,"Sí") | J67: =COUNTIFS(Codificado!$U$43:$AE$43,"S",Codificado!$U$2:$AE$2,"Sí")+COUNTIFS(Codificado!$U$43:$AE$43,"Nota",Codificado!$U$2:$AE$2,"Sí") | K67: =COUNTIFS(Codificado!$U$43:$AE$43,"S",Codificado!$U$2:$AE$2,"Sí")+COUNTIFS(Codificado!$U$43:$AE$43,"Nota",Codificado!$U$2:$AE$2,"Sí")+COUNTIFS(Codificado!$U$43:$AE$43,"N",Codificado!$U$2:$AE$2,"Sí")
A68: H8 | B68: Observado | C68: Frases de comparación: todas neutras o positivas ("es más chico", "es más nuevo") | D68: V05, V06, V08, V09, V12 | E68: =LEN(D68)-LEN(SUBSTITUTE(D68,"V","")) | F68: =COUNTIF(Codificado!$E$2:$AE$2,"Sí") | G68: =IFERROR(E68/F68,"-") | H68: 5 | I68: 14 | J68: 0 | K68: 11
A69: H8 | B69: Observado | C69: Caso único de inseguridad, dependencia y dudas por la UI (cliente escéptico) | D69: V05 | E69: =LEN(D69)-LEN(SUBSTITUTE(D69,"V","")) | F69: =COUNTIF(Codificado!$E$2:$AE$2,"Sí") | G69: =IFERROR(E69/F69,"-") | H69: 1 | I69: 14 | J69: 0 | K69: 11

Sheet Veredictos
A1: Hip. | B1: Enunciado original | C1: Veredicto | D1: Confianza | E1: Justificación (registrado + observado) | F1: Contraevidencia | G1: Reformulación propuesta | H1: Qué falta para cerrarla
A2: H1 | B2: Existen momentos críticos dentro de la visita (llegada, explicación, instalación, prueba y cierre) que determinan la satisfacción final del cliente. | C2: Parcial | D2: Media | E2: Hay dos momentos que concentran la reacción del cliente: la prueba del servicio y la explicación del motivo. La instalación no es un momento crítico. La parte causal de la hipótesis (que esos momentos determinan la satisfacción final) no se puede verificar sin NPS de la visita. | F2: La instalación no genera ninguna reacción y el cierre casi ninguna. No hay medición de satisfacción final (NPS/CSAT) en la visita, así que no se puede demostrar que estos momentos la determinen. En el Técnico B, el 11/11 de 'Explicación' está influido por la explicación en la puerta. | G2: La prueba del servicio y la explicación del motivo concentran las dudas y emociones del cliente durante la visita. | H2: Cruzar con el NPS/CSAT de la visita en el piloto para validar el vínculo con la satisfacción final.
A3: H2 | B3: La experiencia del cliente depende en gran medida de la capacidad del técnico para explicar beneficios, funcionamiento y pasos de la instalación. | C3: Validada | D3: Alta | E3: Los dos técnicos muestran el mismo patrón: responden bien cuando les preguntan, pero no explican de forma proactiva la Guía (22/25). Las dudas del cliente aparecen justo en lo que no se explica. El técnico es el único canal de aprendizaje del cliente. | F3: La capacidad reactiva del técnico es muy buena (25/25). La brecha no es de capacidad sino de proceso: la explicación depende de lo que pregunte el cliente. | G3: — | H3: Medir si la explicación de "los 5 botones" reduce los contactos por uso a 7 y 30 días.
A4: H3 | B4: Existen barreras operativas y administrativas que afectan la fluidez de la instalación. | C4: Parcial | D4: Alta | E4: Se refuta en lo técnico-operativo: el proceso de instalación es fluido en los dos técnicos. Se valida en lo registral y del hogar, con quiebres puntuales (inventario, HDMI, conciliación diferida) que a escala pueden generar órdenes que no cierran. | F4: No hubo reintentos ni llamadas a soporte, y el retiro de equipos, el perfil y la conciliación se completaron en los 25 recambios. | G4: Las barreras no están en la instalación, sino en la calidad del registro de equipos y en las condiciones del hogar. | H4: Medir el % de órdenes con discrepancia de inventario en el piloto.
A5: H4 | B5: Parte de las fricciones no están asociadas al dispositivo, sino a limitaciones de gestión y registro (suscripciones, credenciales). | C5: Validada | D5: Media | E5: Toda la fricción de continuidad está en las apps de terceros y en sus credenciales, no en el deco. La confianza es media porque las apps no se probaron en la mayoría de las visitas (17 a 19 N/A): 8/25 es un piso, no una tasa. | F5: Las suscripciones propias de Movistar (packs) se mantienen: no se registró ninguna pérdida. El hardware no generó fricción. | G5: — | H5: Agregar a la ficha del piloto un paso obligatorio: "probar Netflix y YouTube".
A6: H5 | B6: Existen consultas recurrentes que podrían resolverse previamente mediante comunicaciones o materiales explicativos. | C6: Validada | D6: Alta | E6: Hay un patrón recurrente y previsible en los dos técnicos: motivo del cambio (10/25), uso del control y apps, y pedidos ajenos. Todas son resolubles con comunicación previa y material de apoyo. | F6: Las consultas administrativas (costo, titularidad) son marginales: 1/25. | G6: — | H6: Medir en el piloto si el mensaje previo por WhatsApp reduce la pregunta por el motivo.
A7: H6 | B7: Los clientes llegan a la visita con bajo conocimiento sobre el motivo y alcance del cambio de deco. | C7: Parcial | D7: Baja | E7: El cliente sabe que habrá un cambio, pero no entiende para qué ni por qué. La confianza es baja: la explicación en la puerta (V17-V27) interviene sobre lo que se quería observar y dos criterios tienen alertas de polaridad. | F7: El contacto previo se recuerda (11/11 en el Técnico B) y nadie asumió otro alcance (0/24). El criterio "entiende el motivo" no se usa porque tiene la polaridad invertida en V17-V27. | G7: Los clientes saben que habrá un cambio, pero no comprenden el motivo ni el beneficio, y la información no llega a todos los miembros del hogar. | H7: Observar en el piloto sin explicar el motivo antes de registrar la reacción del cliente.
A8: H7 | B8: La nueva interfaz del SO y del control remoto genera dificultades de uso. | C8: No concluyente | D8: Baja | E8: Dentro de la visita no hay dificultades, pero el técnico maneja el control y 4 clientes ni lo tocaron. El uso autónomo ocurre después de la visita, donde la etnografía no llega. | F8: En la visita, el 100% ve el contenido y el perfil, y no se registraron errores. | G8: — | H8: Validar con la encuesta posterior (Qualtrics) y con los contactos por uso a 7 y 30 días.
A9: H8 | B9: La nueva interfaz del SO y del control remoto genera frustración en la adopción. | C9: Refutada | D9: Alta | E9: No hay señales de resistencia en 25/25 y no se registró ningún "antes era más fácil". La adopción emocional es positiva en los dos técnicos. | F9: Un solo caso (V05) concentra la inseguridad, la dependencia y las dudas sobre la interfaz. | G9: — | H9: Seguir el perfil del caso V05 (escéptico y dependiente de un familiar) en la encuesta.
A11: Id | B11: Hipótesis emergente (surgida en campo) | C11: Evidencia (n) | D11: Visitas | E11: Cómo validarla en el piloto
A12: E1 | B12: La visita técnica funciona como canal de soporte general del hogar (módem, wifi, deco adicional). | C12: =LEN(D12)-LEN(SUBSTITUTE(D12,"V","")) | D12: V03, V11, V13, V22 | E12: Protocolo de derivación. Medir en el piloto el % de visitas con pedidos ajenos.
A13: E2 | B13: La comunicación previa llega a quien atiende el contacto, no a quien recibe al técnico ni a quien usa la TV. | C13: =LEN(D13)-LEN(SUBSTITUTE(D13,"V","")) | D13: V01, V04, V09 | E13: Mensaje reenviable. Registrar en la ficha quién recibe al técnico.
A14: E3 | B14: Los clientes mayores delegan en un familiar la configuración de las apps, y eso posterga su uso. | C14: =LEN(D14)-LEN(SUBSTITUTE(D14,"V","")) | D14: V05, V22 | E14: Registrar el perfil y la dependencia. Preguntar en la encuesta si ya usa las apps.
A15: E4 | B15: El tiempo de visita escala con la cantidad de decos (1 deco ≈ 17 min; 3 decos ≈ 27 min). | C15: =LEN(D15)-LEN(SUBSTITUTE(D15,"V","")) | D15: V01, V11, V25 | E15: Validar con los tiempos del sistema para la planificación de la agenda.
B17: Regla de veredicto
A18: Validada | B18: La predicción se confirma en el registro y en lo observado, en los dos técnicos, sin contraevidencia relevante.
A19: Parcial | B19: La predicción se confirma en una parte de los indicadores y se contradice en otra, o se sostiene solo en un subconjunto de casos. Se propone reformularla.
A20: Refutada | B20: La predicción no se confirma en al menos el 80% de los casos aplicables, con registro y observación coincidentes.
A21: No concluyente | B21: El método de campo no permite observarla o el dato tiene problemas de polaridad o sesgo que impiden leerla.
A23: Alta | B23: Registro y observación coinciden, los dos técnicos muestran el mismo patrón y los criterios no tienen alertas de calidad.
A24: Media | B24: Hay coincidencia, pero con muchos N/A (el indicador no se relevó de forma sistemática) o con evidencia concentrada en un solo técnico.
A25: Baja | B25: Hay alertas de polaridad, sesgo de intervención del observador o el fenómeno ocurre fuera de la visita.

Sheet Resumen
A1: Hipótesis | B1: Criterio (redacción positiva) | C1: Alerta | D1: S | E1: N | F1: N/A | G1: Nota | H1: Sin registro | I1: Base | J1: % S sobre (S+N) | K1: Lectura
A2: H1 | B2: Llegada: el momento genera una reacción relevante del cliente (sorpresa, duda, emoción) | C2: No | D2: =COUNTIFS(Codificado!$E$3:$AE$3,"S",Codificado!$E$2:$AE$2,"Sí") | E2: =COUNTIFS(Codificado!$E$3:$AE$3,"N",Codificado!$E$2:$AE$2,"Sí") | F2: =COUNTIFS(Codificado!$E$3:$AE$3,"N/A",Codificado!$E$2:$AE$2,"Sí") | G2: =COUNTIFS(Codificado!$E$3:$AE$3,"Nota",Codificado!$E$2:$AE$2,"Sí") | H2: =COUNTIFS(Codificado!$E$3:$AE$3,"Sin registro",Codificado!$E$2:$AE$2,"Sí") | I2: =SUM(D2:H2) | J2: =IFERROR(D2/(D2+E2),"-")
A3: H1 | B3: Explicación del cambio: el momento genera una reacción relevante del cliente | C3: No | D3: =COUNTIFS(Codificado!$E$4:$AE$4,"S",Codificado!$E$2:$AE$2,"Sí") | E3: =COUNTIFS(Codificado!$E$4:$AE$4,"N",Codificado!$E$2:$AE$2,"Sí") | F3: =COUNTIFS(Codificado!$E$4:$AE$4,"N/A",Codificado!$E$2:$AE$2,"Sí") | G3: =COUNTIFS(Codificado!$E$4:$AE$4,"Nota",Codificado!$E$2:$AE$2,"Sí") | H3: =COUNTIFS(Codificado!$E$4:$AE$4,"Sin registro",Codificado!$E$2:$AE$2,"Sí") | I3: =SUM(D3:H3) | J3: =IFERROR(D3/(D3+E3),"-")
A4: H1 | B4: Instalación: el momento genera una reacción relevante del cliente | C4: No | D4: =COUNTIFS(Codificado!$E$5:$AE$5,"S",Codificado!$E$2:$AE$2,"Sí") | E4: =COUNTIFS(Codificado!$E$5:$AE$5,"N",Codificado!$E$2:$AE$2,"Sí") | F4: =COUNTIFS(Codificado!$E$5:$AE$5,"N/A",Codificado!$E$2:$AE$2,"Sí") | G4: =COUNTIFS(Codificado!$E$5:$AE$5,"Nota",Codificado!$E$2:$AE$2,"Sí") | H4: =COUNTIFS(Codificado!$E$5:$AE$5,"Sin registro",Codificado!$E$2:$AE$2,"Sí") | I4: =SUM(D4:H4) | J4: =IFERROR(D4/(D4+E4),"-")
A5: H1 | B5: Prueba del servicio: el momento genera una reacción relevante del cliente | C5: No | D5: =COUNTIFS(Codificado!$E$6:$AE$6,"S",Codificado!$E$2:$AE$2,"Sí") | E5: =COUNTIFS(Codificado!$E$6:$AE$6,"N",Codificado!$E$2:$AE$2,"Sí") | F5: =COUNTIFS(Codificado!$E$6:$AE$6,"N/A",Codificado!$E$2:$AE$2,"Sí") | G5: =COUNTIFS(Codificado!$E$6:$AE$6,"Nota",Codificado!$E$2:$AE$2,"Sí") | H5: =COUNTIFS(Codificado!$E$6:$AE$6,"Sin registro",Codificado!$E$2:$AE$2,"Sí") | I5: =SUM(D5:H5) | J5: =IFERROR(D5/(D5+E5),"-")
A6: H1 | B6: Cierre: el momento genera una reacción relevante del cliente | C6: No | D6: =COUNTIFS(Codificado!$E$7:$AE$7,"S",Codificado!$E$2:$AE$2,"Sí") | E6: =COUNTIFS(Codificado!$E$7:$AE$7,"N",Codificado!$E$2:$AE$2,"Sí") | F6: =COUNTIFS(Codificado!$E$7:$AE$7,"N/A",Codificado!$E$2:$AE$2,"Sí") | G6: =COUNTIFS(Codificado!$E$7:$AE$7,"Nota",Codificado!$E$2:$AE$2,"Sí") | H6: =COUNTIFS(Codificado!$E$7:$AE$7,"Sin registro",Codificado!$E$2:$AE$2,"Sí") | I6: =SUM(D6:H6) | J6: =IFERROR(D6/(D6+E6),"-")
A7: H2 | B7: Ante preguntas: responde correctamente y de manera completa | C7: No | D7: =COUNTIFS(Codificado!$E$8:$AE$8,"S",Codificado!$E$2:$AE$2,"Sí") | E7: =COUNTIFS(Codificado!$E$8:$AE$8,"N",Codificado!$E$2:$AE$2,"Sí") | F7: =COUNTIFS(Codificado!$E$8:$AE$8,"N/A",Codificado!$E$2:$AE$2,"Sí") | G7: =COUNTIFS(Codificado!$E$8:$AE$8,"Nota",Codificado!$E$2:$AE$2,"Sí") | H7: =COUNTIFS(Codificado!$E$8:$AE$8,"Sin registro",Codificado!$E$2:$AE$2,"Sí") | I7: =SUM(D7:H7) | J7: =IFERROR(D7/(D7+E7),"-")
A8: H2 | B8: Ante preguntas reiteradas sobre el mismo tema, reformula y adapta su lenguaje | C8: No | D8: =COUNTIFS(Codificado!$E$9:$AE$9,"S",Codificado!$E$2:$AE$2,"Sí") | E8: =COUNTIFS(Codificado!$E$9:$AE$9,"N",Codificado!$E$2:$AE$2,"Sí") | F8: =COUNTIFS(Codificado!$E$9:$AE$9,"N/A",Codificado!$E$2:$AE$2,"Sí") | G8: =COUNTIFS(Codificado!$E$9:$AE$9,"Nota",Codificado!$E$2:$AE$2,"Sí") | H8: =COUNTIFS(Codificado!$E$9:$AE$9,"Sin registro",Codificado!$E$2:$AE$2,"Sí") | I8: =SUM(D8:H8) | J8: =IFERROR(D8/(D8+E8),"-")
A9: H2 | B9: Explicaciones claras, correctas y completas | C9: No | D9: =COUNTIFS(Codificado!$E$10:$AE$10,"S",Codificado!$E$2:$AE$2,"Sí") | E9: =COUNTIFS(Codificado!$E$10:$AE$10,"N",Codificado!$E$2:$AE$2,"Sí") | F9: =COUNTIFS(Codificado!$E$10:$AE$10,"N/A",Codificado!$E$2:$AE$2,"Sí") | G9: =COUNTIFS(Codificado!$E$10:$AE$10,"Nota",Codificado!$E$2:$AE$2,"Sí") | H9: =COUNTIFS(Codificado!$E$10:$AE$10,"Sin registro",Codificado!$E$2:$AE$2,"Sí") | I9: =SUM(D9:H9) | J9: =IFERROR(D9/(D9+E9),"-")
A10: H2 | B10: Demuestra empatía y contención | C10: No | D10: =COUNTIFS(Codificado!$E$11:$AE$11,"S",Codificado!$E$2:$AE$2,"Sí") | E10: =COUNTIFS(Codificado!$E$11:$AE$11,"N",Codificado!$E$2:$AE$2,"Sí") | F10: =COUNTIFS(Codificado!$E$11:$AE$11,"N/A",Codificado!$E$2:$AE$2,"Sí") | G10: =COUNTIFS(Codificado!$E$11:$AE$11,"Nota",Codificado!$E$2:$AE$2,"Sí") | H10: =COUNTIFS(Codificado!$E$11:$AE$11,"Sin registro",Codificado!$E$2:$AE$2,"Sí") | I10: =SUM(D10:H10) | J10: =IFERROR(D10/(D10+E10),"-")
A11: H3 | B11: ¿El técnico necesitó reintentar la instalación? | C11: No | D11: =COUNTIFS(Codificado!$E$12:$AE$12,"S",Codificado!$E$2:$AE$2,"Sí") | E11: =COUNTIFS(Codificado!$E$12:$AE$12,"N",Codificado!$E$2:$AE$2,"Sí") | F11: =COUNTIFS(Codificado!$E$12:$AE$12,"N/A",Codificado!$E$2:$AE$2,"Sí") | G11: =COUNTIFS(Codificado!$E$12:$AE$12,"Nota",Codificado!$E$2:$AE$2,"Sí") | H11: =COUNTIFS(Codificado!$E$12:$AE$12,"Sin registro",Codificado!$E$2:$AE$2,"Sí") | I11: =SUM(D11:H11) | J11: =IFERROR(D11/(D11+E11),"-")
A12: H3 | B12: ¿El técnico necesitó pedir soporte técnico durante la visita? | C12: No | D12: =COUNTIFS(Codificado!$E$13:$AE$13,"S",Codificado!$E$2:$AE$2,"Sí") | E12: =COUNTIFS(Codificado!$E$13:$AE$13,"N",Codificado!$E$2:$AE$2,"Sí") | F12: =COUNTIFS(Codificado!$E$13:$AE$13,"N/A",Codificado!$E$2:$AE$2,"Sí") | G12: =COUNTIFS(Codificado!$E$13:$AE$13,"Nota",Codificado!$E$2:$AE$2,"Sí") | H12: =COUNTIFS(Codificado!$E$13:$AE$13,"Sin registro",Codificado!$E$2:$AE$2,"Sí") | I12: =SUM(D12:H12) | J12: =IFERROR(D12/(D12+E12),"-")
A13: H3 | B13: ¿El técnico necesitó gestionar aspectos administrativos durante la visita? | C13: No | D13: =COUNTIFS(Codificado!$E$14:$AE$14,"S",Codificado!$E$2:$AE$2,"Sí") | E13: =COUNTIFS(Codificado!$E$14:$AE$14,"N",Codificado!$E$2:$AE$2,"Sí") | F13: =COUNTIFS(Codificado!$E$14:$AE$14,"N/A",Codificado!$E$2:$AE$2,"Sí") | G13: =COUNTIFS(Codificado!$E$14:$AE$14,"Nota",Codificado!$E$2:$AE$2,"Sí") | H13: =COUNTIFS(Codificado!$E$14:$AE$14,"Sin registro",Codificado!$E$2:$AE$2,"Sí") | I13: =SUM(D13:H13) | J13: =IFERROR(D13/(D13+E13),"-")
A14: H3 | B14: ¿El cliente reclama el reemplazo de decos no declarados? | C14: No | D14: =COUNTIFS(Codificado!$E$15:$AE$15,"S",Codificado!$E$2:$AE$2,"Sí") | E14: =COUNTIFS(Codificado!$E$15:$AE$15,"N",Codificado!$E$2:$AE$2,"Sí") | F14: =COUNTIFS(Codificado!$E$15:$AE$15,"N/A",Codificado!$E$2:$AE$2,"Sí") | G14: =COUNTIFS(Codificado!$E$15:$AE$15,"Nota",Codificado!$E$2:$AE$2,"Sí") | H14: =COUNTIFS(Codificado!$E$15:$AE$15,"Sin registro",Codificado!$E$2:$AE$2,"Sí") | I14: =SUM(D14:H14) | J14: =IFERROR(D14/(D14+E14),"-")
A15: H3 | B15: ¿El dispositivo se reconoce inmediatamente? | C15: No | D15: =COUNTIFS(Codificado!$E$16:$AE$16,"S",Codificado!$E$2:$AE$2,"Sí") | E15: =COUNTIFS(Codificado!$E$16:$AE$16,"N",Codificado!$E$2:$AE$2,"Sí") | F15: =COUNTIFS(Codificado!$E$16:$AE$16,"N/A",Codificado!$E$2:$AE$2,"Sí") | G15: =COUNTIFS(Codificado!$E$16:$AE$16,"Nota",Codificado!$E$2:$AE$2,"Sí") | H15: =COUNTIFS(Codificado!$E$16:$AE$16,"Sin registro",Codificado!$E$2:$AE$2,"Sí") | I15: =SUM(D15:H15) | J15: =IFERROR(D15/(D15+E15),"-")
A16: H3 | B16: Llevarse los equipos viejos y firmar consentimiento | C16: No | D16: =COUNTIFS(Codificado!$E$17:$AE$17,"S",Codificado!$E$2:$AE$2,"Sí") | E16: =COUNTIFS(Codificado!$E$17:$AE$17,"N",Codificado!$E$2:$AE$2,"Sí") | F16: =COUNTIFS(Codificado!$E$17:$AE$17,"N/A",Codificado!$E$2:$AE$2,"Sí") | G16: =COUNTIFS(Codificado!$E$17:$AE$17,"Nota",Codificado!$E$2:$AE$2,"Sí") | H16: =COUNTIFS(Codificado!$E$17:$AE$17,"Sin registro",Codificado!$E$2:$AE$2,"Sí") | I16: =SUM(D16:H16) | J16: =IFERROR(D16/(D16+E16),"-")
A17: H3 | B17: Confirmar que el perfil del cliente quede activo | C17: No | D17: =COUNTIFS(Codificado!$E$18:$AE$18,"S",Codificado!$E$2:$AE$2,"Sí") | E17: =COUNTIFS(Codificado!$E$18:$AE$18,"N",Codificado!$E$2:$AE$2,"Sí") | F17: =COUNTIFS(Codificado!$E$18:$AE$18,"N/A",Codificado!$E$2:$AE$2,"Sí") | G17: =COUNTIFS(Codificado!$E$18:$AE$18,"Nota",Codificado!$E$2:$AE$2,"Sí") | H17: =COUNTIFS(Codificado!$E$18:$AE$18,"Sin registro",Codificado!$E$2:$AE$2,"Sí") | I17: =SUM(D17:H17) | J17: =IFERROR(D17/(D17+E17),"-")
A18: H3 | B18: Conciliación de los nuevos decos | C18: No | D18: =COUNTIFS(Codificado!$E$19:$AE$19,"S",Codificado!$E$2:$AE$2,"Sí") | E18: =COUNTIFS(Codificado!$E$19:$AE$19,"N",Codificado!$E$2:$AE$2,"Sí") | F18: =COUNTIFS(Codificado!$E$19:$AE$19,"N/A",Codificado!$E$2:$AE$2,"Sí") | G18: =COUNTIFS(Codificado!$E$19:$AE$19,"Nota",Codificado!$E$2:$AE$2,"Sí") | H18: =COUNTIFS(Codificado!$E$19:$AE$19,"Sin registro",Codificado!$E$2:$AE$2,"Sí") | I18: =SUM(D18:H18) | J18: =IFERROR(D18/(D18+E18),"-")
A19: H4 | B19: Las suscripciones previamente contratadas se mantienen activas | C19: Sí | D19: =COUNTIFS(Codificado!$E$20:$AE$20,"S",Codificado!$E$2:$AE$2,"Sí") | E19: =COUNTIFS(Codificado!$E$20:$AE$20,"N",Codificado!$E$2:$AE$2,"Sí") | F19: =COUNTIFS(Codificado!$E$20:$AE$20,"N/A",Codificado!$E$2:$AE$2,"Sí") | G19: =COUNTIFS(Codificado!$E$20:$AE$20,"Nota",Codificado!$E$2:$AE$2,"Sí") | H19: =COUNTIFS(Codificado!$E$20:$AE$20,"Sin registro",Codificado!$E$2:$AE$2,"Sí") | I19: =SUM(D19:H19) | J19: =IFERROR(D19/(D19+E19),"-") | K19: No usar % S/N: leer notas
A20: H4 | B20: Acceder a las suscripciones previamente contratadas implica un esfuerzo del cliente | C20: No | D20: =COUNTIFS(Codificado!$E$21:$AE$21,"S",Codificado!$E$2:$AE$2,"Sí") | E20: =COUNTIFS(Codificado!$E$21:$AE$21,"N",Codificado!$E$2:$AE$2,"Sí") | F20: =COUNTIFS(Codificado!$E$21:$AE$21,"N/A",Codificado!$E$2:$AE$2,"Sí") | G20: =COUNTIFS(Codificado!$E$21:$AE$21,"Nota",Codificado!$E$2:$AE$2,"Sí") | H20: =COUNTIFS(Codificado!$E$21:$AE$21,"Sin registro",Codificado!$E$2:$AE$2,"Sí") | I20: =SUM(D20:H20) | J20: =IFERROR(D20/(D20+E20),"-")
A21: H4 | B21: Las credenciales de las suscripciones se cargan automáticamente o el usuario las recuerda sin expresar disgusto | C21: Sí | D21: =COUNTIFS(Codificado!$E$22:$AE$22,"S",Codificado!$E$2:$AE$2,"Sí") | E21: =COUNTIFS(Codificado!$E$22:$AE$22,"N",Codificado!$E$2:$AE$2,"Sí") | F21: =COUNTIFS(Codificado!$E$22:$AE$22,"N/A",Codificado!$E$2:$AE$2,"Sí") | G21: =COUNTIFS(Codificado!$E$22:$AE$22,"Nota",Codificado!$E$2:$AE$2,"Sí") | H21: =COUNTIFS(Codificado!$E$22:$AE$22,"Sin registro",Codificado!$E$2:$AE$2,"Sí") | I21: =SUM(D21:H21) | J21: =IFERROR(D21/(D21+E21),"-") | K21: No usar % S/N: leer notas
A22: H4 | B22: Las apps de terceros (Netflix/YouTube) se mantienen logueadas | C22: No | D22: =COUNTIFS(Codificado!$E$23:$AE$23,"S",Codificado!$E$2:$AE$2,"Sí") | E22: =COUNTIFS(Codificado!$E$23:$AE$23,"N",Codificado!$E$2:$AE$2,"Sí") | F22: =COUNTIFS(Codificado!$E$23:$AE$23,"N/A",Codificado!$E$2:$AE$2,"Sí") | G22: =COUNTIFS(Codificado!$E$23:$AE$23,"Nota",Codificado!$E$2:$AE$2,"Sí") | H22: =COUNTIFS(Codificado!$E$23:$AE$23,"Sin registro",Codificado!$E$2:$AE$2,"Sí") | I22: =SUM(D22:H22) | J22: =IFERROR(D22/(D22+E22),"-")
A23: H5 | B23: Dudas que generan más tiempo de visita | C23: No | D23: =COUNTIFS(Codificado!$E$24:$AE$24,"S",Codificado!$E$2:$AE$2,"Sí") | E23: =COUNTIFS(Codificado!$E$24:$AE$24,"N",Codificado!$E$2:$AE$2,"Sí") | F23: =COUNTIFS(Codificado!$E$24:$AE$24,"N/A",Codificado!$E$2:$AE$2,"Sí") | G23: =COUNTIFS(Codificado!$E$24:$AE$24,"Nota",Codificado!$E$2:$AE$2,"Sí") | H23: =COUNTIFS(Codificado!$E$24:$AE$24,"Sin registro",Codificado!$E$2:$AE$2,"Sí") | I23: =SUM(D23:H23) | J23: =IFERROR(D23/(D23+E23),"-")
A24: H5 | B24: El cliente consulta sobre aspectos administrativos (costo, beneficio, titularidad) | C24: No | D24: =COUNTIFS(Codificado!$E$25:$AE$25,"S",Codificado!$E$2:$AE$2,"Sí") | E24: =COUNTIFS(Codificado!$E$25:$AE$25,"N",Codificado!$E$2:$AE$2,"Sí") | F24: =COUNTIFS(Codificado!$E$25:$AE$25,"N/A",Codificado!$E$2:$AE$2,"Sí") | G24: =COUNTIFS(Codificado!$E$25:$AE$25,"Nota",Codificado!$E$2:$AE$2,"Sí") | H24: =COUNTIFS(Codificado!$E$25:$AE$25,"Sin registro",Codificado!$E$2:$AE$2,"Sí") | I24: =SUM(D24:H24) | J24: =IFERROR(D24/(D24+E24),"-")
A25: H5 | B25: El cliente consulta sobre aspectos operativos (carga o baja de una suscripción) | C25: No | D25: =COUNTIFS(Codificado!$E$26:$AE$26,"S",Codificado!$E$2:$AE$2,"Sí") | E25: =COUNTIFS(Codificado!$E$26:$AE$26,"N",Codificado!$E$2:$AE$2,"Sí") | F25: =COUNTIFS(Codificado!$E$26:$AE$26,"N/A",Codificado!$E$2:$AE$2,"Sí") | G25: =COUNTIFS(Codificado!$E$26:$AE$26,"Nota",Codificado!$E$2:$AE$2,"Sí") | H25: =COUNTIFS(Codificado!$E$26:$AE$26,"Sin registro",Codificado!$E$2:$AE$2,"Sí") | I25: =SUM(D25:H25) | J25: =IFERROR(D25/(D25+E25),"-")
A26: H5 | B26: El cliente consulta sobre aspectos de uso (otra TV, control remoto, funciones de voz) | C26: Sí | D26: =COUNTIFS(Codificado!$E$27:$AE$27,"S",Codificado!$E$2:$AE$2,"Sí") | E26: =COUNTIFS(Codificado!$E$27:$AE$27,"N",Codificado!$E$2:$AE$2,"Sí") | F26: =COUNTIFS(Codificado!$E$27:$AE$27,"N/A",Codificado!$E$2:$AE$2,"Sí") | G26: =COUNTIFS(Codificado!$E$27:$AE$27,"Nota",Codificado!$E$2:$AE$2,"Sí") | H26: =COUNTIFS(Codificado!$E$27:$AE$27,"Sin registro",Codificado!$E$2:$AE$2,"Sí") | I26: =SUM(D26:H26) | J26: =IFERROR(D26/(D26+E26),"-") | K26: No usar % S/N: leer notas
A27: H5 | B27: El cliente consulta sobre otros temas ajenos a la gestión (facturación, débito, otra avería) | C27: No | D27: =COUNTIFS(Codificado!$E$28:$AE$28,"S",Codificado!$E$2:$AE$2,"Sí") | E27: =COUNTIFS(Codificado!$E$28:$AE$28,"N",Codificado!$E$2:$AE$2,"Sí") | F27: =COUNTIFS(Codificado!$E$28:$AE$28,"N/A",Codificado!$E$2:$AE$2,"Sí") | G27: =COUNTIFS(Codificado!$E$28:$AE$28,"Nota",Codificado!$E$2:$AE$2,"Sí") | H27: =COUNTIFS(Codificado!$E$28:$AE$28,"Sin registro",Codificado!$E$2:$AE$2,"Sí") | I27: =SUM(D27:H27) | J27: =IFERROR(D27/(D27+E27),"-")
A28: H5 | B28: El cliente reclama comunicación / información previa | C28: No | D28: =COUNTIFS(Codificado!$E$29:$AE$29,"S",Codificado!$E$2:$AE$2,"Sí") | E28: =COUNTIFS(Codificado!$E$29:$AE$29,"N",Codificado!$E$2:$AE$2,"Sí") | F28: =COUNTIFS(Codificado!$E$29:$AE$29,"N/A",Codificado!$E$2:$AE$2,"Sí") | G28: =COUNTIFS(Codificado!$E$29:$AE$29,"Nota",Codificado!$E$2:$AE$2,"Sí") | H28: =COUNTIFS(Codificado!$E$29:$AE$29,"Sin registro",Codificado!$E$2:$AE$2,"Sí") | I28: =SUM(D28:H28) | J28: =IFERROR(D28/(D28+E28),"-")
A29: H6 | B29: El cliente expresa haber recibido comunicación previa | C29: Sí | D29: =COUNTIFS(Codificado!$E$30:$AE$30,"S",Codificado!$E$2:$AE$2,"Sí") | E29: =COUNTIFS(Codificado!$E$30:$AE$30,"N",Codificado!$E$2:$AE$2,"Sí") | F29: =COUNTIFS(Codificado!$E$30:$AE$30,"N/A",Codificado!$E$2:$AE$2,"Sí") | G29: =COUNTIFS(Codificado!$E$30:$AE$30,"Nota",Codificado!$E$2:$AE$2,"Sí") | H29: =COUNTIFS(Codificado!$E$30:$AE$30,"Sin registro",Codificado!$E$2:$AE$2,"Sí") | I29: =SUM(D29:H29) | J29: =IFERROR(D29/(D29+E29),"-") | K29: No usar % S/N: leer notas
A30: H6 | B30: El cliente entiende el motivo por el que se realiza el cambio | C30: Sí | D30: =COUNTIFS(Codificado!$E$31:$AE$31,"S",Codificado!$E$2:$AE$2,"Sí") | E30: =COUNTIFS(Codificado!$E$31:$AE$31,"N",Codificado!$E$2:$AE$2,"Sí") | F30: =COUNTIFS(Codificado!$E$31:$AE$31,"N/A",Codificado!$E$2:$AE$2,"Sí") | G30: =COUNTIFS(Codificado!$E$31:$AE$31,"Nota",Codificado!$E$2:$AE$2,"Sí") | H30: =COUNTIFS(Codificado!$E$31:$AE$31,"Sin registro",Codificado!$E$2:$AE$2,"Sí") | I30: =SUM(D30:H30) | J30: =IFERROR(D30/(D30+E30),"-") | K30: No usar % S/N: leer notas
A31: H6 | B31: El cliente asume que el cambio tiene otro alcance (deco + control o solo deco) | C31: No | D31: =COUNTIFS(Codificado!$E$32:$AE$32,"S",Codificado!$E$2:$AE$2,"Sí") | E31: =COUNTIFS(Codificado!$E$32:$AE$32,"N",Codificado!$E$2:$AE$2,"Sí") | F31: =COUNTIFS(Codificado!$E$32:$AE$32,"N/A",Codificado!$E$2:$AE$2,"Sí") | G31: =COUNTIFS(Codificado!$E$32:$AE$32,"Nota",Codificado!$E$2:$AE$2,"Sí") | H31: =COUNTIFS(Codificado!$E$32:$AE$32,"Sin registro",Codificado!$E$2:$AE$2,"Sí") | I31: =SUM(D31:H31) | J31: =IFERROR(D31/(D31+E31),"-")
A32: H7 | B32: Tareas que generan más errores | C32: No | D32: =COUNTIFS(Codificado!$E$33:$AE$33,"S",Codificado!$E$2:$AE$2,"Sí") | E32: =COUNTIFS(Codificado!$E$33:$AE$33,"N",Codificado!$E$2:$AE$2,"Sí") | F32: =COUNTIFS(Codificado!$E$33:$AE$33,"N/A",Codificado!$E$2:$AE$2,"Sí") | G32: =COUNTIFS(Codificado!$E$33:$AE$33,"Nota",Codificado!$E$2:$AE$2,"Sí") | H32: =COUNTIFS(Codificado!$E$33:$AE$33,"Sin registro",Codificado!$E$2:$AE$2,"Sí") | I32: =SUM(D32:H32) | J32: =IFERROR(D32/(D32+E32),"-")
A33: H7 | B33: Botones más confusos | C33: No | D33: =COUNTIFS(Codificado!$E$34:$AE$34,"S",Codificado!$E$2:$AE$2,"Sí") | E33: =COUNTIFS(Codificado!$E$34:$AE$34,"N",Codificado!$E$2:$AE$2,"Sí") | F33: =COUNTIFS(Codificado!$E$34:$AE$34,"N/A",Codificado!$E$2:$AE$2,"Sí") | G33: =COUNTIFS(Codificado!$E$34:$AE$34,"Nota",Codificado!$E$2:$AE$2,"Sí") | H33: =COUNTIFS(Codificado!$E$34:$AE$34,"Sin registro",Codificado!$E$2:$AE$2,"Sí") | I33: =SUM(D33:H33) | J33: =IFERROR(D33/(D33+E33),"-")
A34: H7 | B34: Cantidad de asistencias necesarias | C34: No | D34: =COUNTIFS(Codificado!$E$35:$AE$35,"S",Codificado!$E$2:$AE$2,"Sí") | E34: =COUNTIFS(Codificado!$E$35:$AE$35,"N",Codificado!$E$2:$AE$2,"Sí") | F34: =COUNTIFS(Codificado!$E$35:$AE$35,"N/A",Codificado!$E$2:$AE$2,"Sí") | G34: =COUNTIFS(Codificado!$E$35:$AE$35,"Nota",Codificado!$E$2:$AE$2,"Sí") | H34: =COUNTIFS(Codificado!$E$35:$AE$35,"Sin registro",Codificado!$E$2:$AE$2,"Sí") | I34: =SUM(D34:H34) | J34: =IFERROR(D34/(D34+E34),"-")
A35: H7 | B35: El cliente reconoce las funcionalidades del control remoto | C35: Sí | D35: =COUNTIFS(Codificado!$E$36:$AE$36,"S",Codificado!$E$2:$AE$2,"Sí") | E35: =COUNTIFS(Codificado!$E$36:$AE$36,"N",Codificado!$E$2:$AE$2,"Sí") | F35: =COUNTIFS(Codificado!$E$36:$AE$36,"N/A",Codificado!$E$2:$AE$2,"Sí") | G35: =COUNTIFS(Codificado!$E$36:$AE$36,"Nota",Codificado!$E$2:$AE$2,"Sí") | H35: =COUNTIFS(Codificado!$E$36:$AE$36,"Sin registro",Codificado!$E$2:$AE$2,"Sí") | I35: =SUM(D35:H35) | J35: =IFERROR(D35/(D35+E35),"-") | K35: No usar % S/N: leer notas
A36: H7 | B36: El cliente logra ver el contenido | C36: No | D36: =COUNTIFS(Codificado!$E$37:$AE$37,"S",Codificado!$E$2:$AE$2,"Sí") | E36: =COUNTIFS(Codificado!$E$37:$AE$37,"N",Codificado!$E$2:$AE$2,"Sí") | F36: =COUNTIFS(Codificado!$E$37:$AE$37,"N/A",Codificado!$E$2:$AE$2,"Sí") | G36: =COUNTIFS(Codificado!$E$37:$AE$37,"Nota",Codificado!$E$2:$AE$2,"Sí") | H36: =COUNTIFS(Codificado!$E$37:$AE$37,"Sin registro",Codificado!$E$2:$AE$2,"Sí") | I36: =SUM(D36:H36) | J36: =IFERROR(D36/(D36+E36),"-")
A37: H7 | B37: El cliente logra ver las suscripciones | C37: Sí | D37: =COUNTIFS(Codificado!$E$38:$AE$38,"S",Codificado!$E$2:$AE$2,"Sí") | E37: =COUNTIFS(Codificado!$E$38:$AE$38,"N",Codificado!$E$2:$AE$2,"Sí") | F37: =COUNTIFS(Codificado!$E$38:$AE$38,"N/A",Codificado!$E$2:$AE$2,"Sí") | G37: =COUNTIFS(Codificado!$E$38:$AE$38,"Nota",Codificado!$E$2:$AE$2,"Sí") | H37: =COUNTIFS(Codificado!$E$38:$AE$38,"Sin registro",Codificado!$E$2:$AE$2,"Sí") | I37: =SUM(D37:H37) | J37: =IFERROR(D37/(D37+E37),"-") | K37: No usar % S/N: leer notas
A38: H7 | B38: El cliente logra ver datos de perfil | C38: No | D38: =COUNTIFS(Codificado!$E$39:$AE$39,"S",Codificado!$E$2:$AE$2,"Sí") | E38: =COUNTIFS(Codificado!$E$39:$AE$39,"N",Codificado!$E$2:$AE$2,"Sí") | F38: =COUNTIFS(Codificado!$E$39:$AE$39,"N/A",Codificado!$E$2:$AE$2,"Sí") | G38: =COUNTIFS(Codificado!$E$39:$AE$39,"Nota",Codificado!$E$2:$AE$2,"Sí") | H38: =COUNTIFS(Codificado!$E$39:$AE$39,"Sin registro",Codificado!$E$2:$AE$2,"Sí") | I38: =SUM(D38:H38) | J38: =IFERROR(D38/(D38+E38),"-")
A39: H8 | B39: Frases como "antes era más fácil" o "ahora es más fácil" | C39: No | D39: =COUNTIFS(Codificado!$E$40:$AE$40,"S",Codificado!$E$2:$AE$2,"Sí") | E39: =COUNTIFS(Codificado!$E$40:$AE$40,"N",Codificado!$E$2:$AE$2,"Sí") | F39: =COUNTIFS(Codificado!$E$40:$AE$40,"N/A",Codificado!$E$2:$AE$2,"Sí") | G39: =COUNTIFS(Codificado!$E$40:$AE$40,"Nota",Codificado!$E$2:$AE$2,"Sí") | H39: =COUNTIFS(Codificado!$E$40:$AE$40,"Sin registro",Codificado!$E$2:$AE$2,"Sí") | I39: =SUM(D39:H39) | J39: =IFERROR(D39/(D39+E39),"-")
A40: H8 | B40: Señales (gestos, muecas, expresiones) de resistencia al cambio | C40: No | D40: =COUNTIFS(Codificado!$E$41:$AE$41,"S",Codificado!$E$2:$AE$2,"Sí") | E40: =COUNTIFS(Codificado!$E$41:$AE$41,"N",Codificado!$E$2:$AE$2,"Sí") | F40: =COUNTIFS(Codificado!$E$41:$AE$41,"N/A",Codificado!$E$2:$AE$2,"Sí") | G40: =COUNTIFS(Codificado!$E$41:$AE$41,"Nota",Codificado!$E$2:$AE$2,"Sí") | H40: =COUNTIFS(Codificado!$E$41:$AE$41,"Sin registro",Codificado!$E$2:$AE$2,"Sí") | I40: =SUM(D40:H40) | J40: =IFERROR(D40/(D40+E40),"-")
A41: H8 | B41: Inseguridad manifiesta ("voy a necesitar ayuda", "no creo que pueda") | C41: No | D41: =COUNTIFS(Codificado!$E$42:$AE$42,"S",Codificado!$E$2:$AE$2,"Sí") | E41: =COUNTIFS(Codificado!$E$42:$AE$42,"N",Codificado!$E$2:$AE$2,"Sí") | F41: =COUNTIFS(Codificado!$E$42:$AE$42,"N/A",Codificado!$E$2:$AE$2,"Sí") | G41: =COUNTIFS(Codificado!$E$42:$AE$42,"Nota",Codificado!$E$2:$AE$2,"Sí") | H41: =COUNTIFS(Codificado!$E$42:$AE$42,"Sin registro",Codificado!$E$2:$AE$2,"Sí") | I41: =SUM(D41:H41) | J41: =IFERROR(D41/(D41+E41),"-")
A42: H8 | B42: El cliente requiere asistencia permanente del técnico (falta de autonomía) | C42: No | D42: =COUNTIFS(Codificado!$E$43:$AE$43,"S",Codificado!$E$2:$AE$2,"Sí") | E42: =COUNTIFS(Codificado!$E$43:$AE$43,"N",Codificado!$E$2:$AE$2,"Sí") | F42: =COUNTIFS(Codificado!$E$43:$AE$43,"N/A",Codificado!$E$2:$AE$2,"Sí") | G42: =COUNTIFS(Codificado!$E$43:$AE$43,"Nota",Codificado!$E$2:$AE$2,"Sí") | H42: =COUNTIFS(Codificado!$E$43:$AE$43,"Sin registro",Codificado!$E$2:$AE$2,"Sí") | I42: =SUM(D42:H42) | J42: =IFERROR(D42/(D42+E42),"-")
A43: H8 | B43: El cliente manifiesta rechazo ante la nueva interfaz | C43: No | D43: =COUNTIFS(Codificado!$E$44:$AE$44,"S",Codificado!$E$2:$AE$2,"Sí") | E43: =COUNTIFS(Codificado!$E$44:$AE$44,"N",Codificado!$E$2:$AE$2,"Sí") | F43: =COUNTIFS(Codificado!$E$44:$AE$44,"N/A",Codificado!$E$2:$AE$2,"Sí") | G43: =COUNTIFS(Codificado!$E$44:$AE$44,"Nota",Codificado!$E$2:$AE$2,"Sí") | H43: =COUNTIFS(Codificado!$E$44:$AE$44,"Sin registro",Codificado!$E$2:$AE$2,"Sí") | I43: =SUM(D43:H43) | J43: =IFERROR(D43/(D43+E43),"-")
B45: Base = recambios (fila 2 de Codificado = 'Sí'). 'Nota' = observación textual sin S/N: en H1 y H5 indica que el evento ocurrió.

Sheet Visitas
A1: ID | B1: Técnico | C1: Observador | D1: Fecha | E1: Tipo de TV | F1: Cant. decos | G1: Tipo de visita | H1: Base recambio | I1: Minutos en domicilio
A2: V01 | B2: Técnico A | C2: Lucas | D2: 24-sep | E2: LCD | F2: 3 | G2: Recambio | H2: Sí | I2: 25
A3: V02 | B3: Técnico A | C3: Lucas | D3: 24-sep | E3: LCD | F3: 1 | G3: Recambio | H3: Sí | I3: 15
A4: V03 | B4: Técnico A | C4: Lucas | D4: 24-sep | E4: LCD | F4: 1 | G4: Recambio | H4: Sí | I4: 20
A5: V04 | B5: Sin dato | C5: Sin dato | D5: Sin dato | E5: LCD | F5: 1 | G5: Recambio | H5: Sí | I5: 20
A6: V05 | B6: Técnico A | C6: Lucas | D6: 24-sep | E6: LCD | F6: 2 | G6: Recambio | H6: Sí | I6: 20
A7: V06 | B7: Técnico A | C7: Lucas | D7: 24-sep | E7: LCD | F7: 1 | G7: Recambio | H7: Sí | I7: 20
A8: V07 | B8: Técnico A | C8: Lucas | D8: 24-sep | E8: LCD | F8: 1 | G8: Instalación nueva | H8: No | I8: 15
A9: V08 | B9: Técnico A | C9: Lucas | D9: 24-sep | E9: LCD | F9: 1 | G9: Recambio | H9: Sí | I9: 20
A10: V09 | B10: Técnico A | C10: Lucas | D10: 25-sep | E10: LCD | F10: 1 | G10: Recambio | H10: Sí | I10: 15
A11: V10 | B11: Técnico A | C11: Lucas | D11: 25-sep | E11: LCD | F11: 2 | G11: Recambio | H11: Sí | I11: 20
A12: V11 | B12: Técnico A | C12: Lucas | D12: 25-sep | E12: LCD | F12: 3 | G12: Recambio | H12: Sí | I12: 30
A13: V12 | B13: Técnico A | C13: Lucas | D13: 25-sep | E13: LCD | F13: 1 | G13: Recambio | H13: Sí | I13: 15
... A28: V27 | B28: Técnico B | C28: Marcelo | D28: 25-sep | E28: LCD | F28: 1 | G28: Recambio | H28: Sí | I28: 15
G30: Visitas totales | I30: =COUNTA(A2:A28)
G31: Recambios (base) | I31: =COUNTIF(H2:H28,"Sí")
G32: Promedio minutos (base) | I32: =AVERAGEIFS(I2:I28,H2:H28,"Sí")
G33: Máximo minutos (base) | I33: =_xlfn.MAXIFS(I2:I28,H2:H28,"Sí")
G34: Mínimo minutos (base) | I34: =_xlfn.MINIFS(I2:I28,H2:H28,"Sí")
G35: Promedio minutos Técnico A | I35: =AVERAGEIFS(I2:I28,H2:H28,"Sí",B2:B28,"Técnico A")
G36: Promedio minutos Técnico B | I36: =AVERAGEIFS(I2:I28,H2:H28,"Sí",B2:B28,"Técnico B")
G37: Hogares con más de 1 deco (base) | I37: =COUNTIFS(F2:F28,">1",H2:H28,"Sí")
G38: Decos recambiados (base) | I38: =SUMIFS(F2:F28,H2:H28,"Sí")

Sheet Datos_normalizados
A1: Hipótesis | B1: Criterio original | C1: Criterio (redacción positiva) | D1: Alerta de lectura | E1: V01 | F1: V02 | G1: V03 | H1: V04 | I1: V05 | J1: V06 | K1: V07 | L1: V08 | M1: V09 | N1: V10 | O1: V11 | P1: V12 | Q1: V13 | R1: V14 | S1: V15 | T1: V16 | U1: V17 | V1: V18 | W1: V19 | X1: V20 | Y1: V21 | Z1: V22 | AA1: V23 | AB1: V24 | AC1: V25 | AD1: V26 | AE1: V27
A2: H1. Existen momentos críticos dentro de la visita (llegada, explicación, instalación, prueba y cierre) que determinan la satisfacción final del cliente.
A3: H1 | B3: Llegada | C3: Llegada: el momento genera una reacción relevante del cliente (sorpresa, duda, emoción) | E3: N | F3: N | G3: N | H3: N | J3: Estaba en la puerta esperándonos | K3: N | L3: N | M3: No es el titular | N3: N | O3: N | P3: N | Q3: Estaba en la puerta esperándonos | R3: Estaba almorzando | S3: N/A | T3: N | U3: N | V3: N | W3: N | X3: N | Y3: N | Z3: N | AA3: No esperó en la puerta | AB3: N | AC3: N | AD3: N | AE3: N
A4: H1 | B4: Explicación del cambio | C4: Explicación del cambio: el momento genera una reacción relevante del cliente | E4: N | F4: S | G4: ¿Por qué el cambio? | H4: S | J4: N | K4: N/A | L4: N | M4: N | N4: N | O4: "Ah, ¿puedo instalar apps?" | P4: "Ah, ¿es nuevo?" | Q4: N | R4: N | S4: N/A | T4: N | U4: S | V4: S | W4: S | X4: S | Y4: S | Z4: S | AA4: S | AB4: S | AC4: S | AD4: S | AE4: S
A5: H1 | B5: Instalación | C5: Instalación: el momento genera una reacción relevante del cliente | E5: N | F5: N | G5: N | H5: N | J5: N | K5: N | L5: N | M5: N | N5: N | O5: N | P5: N | Q5: N | R5: N | S5: N/A | T5: N | U5: N | V5: N | W5: N | X5: N | Y5: N | Z5: N | AA5: N | AB5: N | AC5: N | AD5: N | AE5: N
A6: H1 | B6: Prueba del servicio | C6: Prueba del servicio: el momento genera una reacción relevante del cliente | E6: S | F6: S | G6: S | H6: ¿Por qué el cambio? | J6: S | K6: S | L6: Entusiasmo | M6: S | N6: ¿Cómo veo HBO? | O6: Contento | P6: N | Q6: N | R6: ¿Cómo vincular el control del deco con el TV? | S6: N | T6: ¿Cómo vincular Netflix? | U6: S - Pregunta cómo usar las apps | V6: S | W6: S | X6: S | Y6: S | Z6: S | AA6: S | AB6: S | AC6: Consulta cómo se usa el control con la voz | AD6: S | AE6: S
A7: H1 | B7: Cierre | C7: Cierre: el momento genera una reacción relevante del cliente | E7: Animados / entusiasmados con el cambio | F7: N | G7: "Muy rápido el cambio" | H7: N | J7: N | K7: N | L7: N | M7: N | N7: N | O7: N | P7: N | Q7: N | R7: N | S7: N | T7: "Ustedes fueron muy amables..." | U7: N | V7: N | W7: N | X7: N | Y7: N | Z7: N | AA7: N | AB7: N | AC7: N | AD7: N | AE7: N
A8: H2. La experiencia del cliente depende en gran medida de la capacidad del técnico para explicar beneficios, funcionamiento y pasos de la instalación.
A9: H2 | B9: Ante preguntas: responde correctamente y de manera completa | C9: Ante preguntas: responde correctamente y de manera completa | E9: S | F9: S | G9: S | H9: S | I9: S | J9: S | K9: S | L9: S | M9: S | N9: S | O9: S | P9: S | Q9: S | R9: S | S9: S | T9: S | U9: S | V9: S | W9: S | X9: S | Y9: S | Z9: S | AA9: S | AB9: S | AC9: S | AD9: S | AE9: S
A10: H2 | B10: Ante preguntas reiteradas sobre el mismo tema, reformula y adapta su lenguaje | C10: Ante preguntas reiteradas sobre el mismo tema, reformula y adapta su lenguaje | E10: S | F10: S | G10: S | H10: N/A | I10: S | J10: S | K10: S | L10: N/A | M10: S | N10: N/A | O10: N/A | P10: N/A | Q10: S | R10: S | S10: S | T10: S | U10: N/A | V10: N/A | W10: N/A | X10: N/A | Y10: N/A | Z10: N/A | AA10: S | AB10: N/A | AC10: N/A | AD10: N/A | AE10: N/A
A11: H2 | B11: Explicaciones claras, correctas y completas | C11: Explicaciones claras, correctas y completas | E11: No explicó botón de Guía | F11: No explicó botón de Guía | G11: No explicó botón de Guía | H11: No explicó botón de Guía | I11: S | J11: No explicó botón de Guía | K11: No explicó botón de Guía | L11: No explicó botón de Guía | M11: Sí: Guía, Google, Android, menú | N11: No explicó botón de Guía / Menú / Apps | O11: No explicó botón de Guía... Tiene Netflix, es más rápido... | P11: No explicó botón de Guía / Menú / Apps | Q11: No explicó botón de Guía | R11: No explicó botón de Guía | S11: No explicó botón de Guía | T11: No explicó botón de Guía | U11: Se le explica que la casa (Home) es reemplazada por el círculo | V11: No explicó botón de Guía | W11: No explicó botón de Guía | X11: No explicó botón de Guía | Y11: No explicó botón de Guía | Z11: No explicó botón de Guía | AA11: No explicó botón de Guía | AB11: No explicó botón de Guía | AC11: No explicó botón de Guía | AD11: No explicó botón de Guía | AE11: No explicó botón de Guía
A12: H2 | B12: Demuestra empatía y contención | C12: Demuestra empatía y contención | E12: S | F12: S | G12: S | H12: S | I12: Sí, aunque el cliente se mostró sumamente escéptico | J12: S | K12: S | L12: S | M12: S | N12: S | O12: S | P12: S | Q12: S | R12: S | S12: S | T12: S | U12: S | V12: S | W12: S | X12: S | Y12: S | Z12: S | AA12: S | AB12: S | AC12: S | AD12: S | AE12: S
A13: H3. Existen barreras operativas y administrativas que afectan la fluidez de la instalación.
A14: H3 | B14: Minutos de visita en domicilio | C14: Minutos de visita en domicilio | E14: 25 | F14: 15 | G14: 20 | H14: 20 | I14: 20 | J14: 20 | K14: 15 | L14: 20 | M14: 15 | N14: 20 | O14: 30 | P14: 15 | Q14: 25 | R14: 15 | S14: 15 | T14: 15 | U14: 15 | V14: 15 | W14: 15 | X14: 15 | Y14: 15 | Z14: 20 | AA14: 15 | AB14: 15 | AC14: 25 | AD14: 15 | AE14: 15
A15: H3 | B15: ¿El técnico necesitó reintentar la instalación? | C15: ¿El técnico necesitó reintentar la instalación? | E15: N | F15: N | G15: N | H15: N | I15: N | J15: N | K15: N | L15: N | M15: N | N15: N | O15: N/A | P15: N | Q15: N | R15: N | S15: N | T15: N | U15: N | V15: N | W15: N | X15: N | Y15: N | Z15: N | AA15: N | AB15: N | AC15: N | AD15: N | AE15: N
A16: H3 | B16: ¿El técnico necesitó pedir soporte técnico durante la visita? | C16: ¿El técnico necesitó pedir soporte técnico durante la visita? | E16: N | F16: N | G16: N | H16: N | I16: N | J16: N | K16: N | L16: N | M16: N | N16: N | O16: N | P16: N | Q16: N | R16: N | S16: N | T16: N | U16: N | V16: N | W16: N | X16: N | Y16: N | Z16: N | AA16: N | AB16: N | AC16: N | AD16: N | AE16: N
A17: H3 | B17: ¿El técnico necesitó gestionar aspectos administrativos durante la visita? | C17: ¿El técnico necesitó gestionar aspectos administrativos durante la visita? | E17: Lo habitual (conciliación, vista del perfil, retiro de equipos viejos) | F17: Lo habitual (conciliación, vista del perfil, retiro de equipos viejos) | G17: Lo habitual (conciliación, vista del perfil, retiro de equipos viejos) | H17: Lo habitual (conciliación, vista del perfil, retiro de equipos viejos) | I17: Lo habitual (conciliación, vista del perfil, retiro de equipos viejos) | J17: Lo habitual (conciliación, vista del perfil, retiro de equipos viejos) | K17: Lo habitual (conciliación, vista del perfil, retiro de equipos viejos) | L17: Lo habitual (conciliación, vista del perfil, retiro de equipos viejos) | M17: Lo habitual (conciliación, vista del perfil, retiro de equipos viejos) | N17: Lo habitual (conciliación, vista del perfil, retiro de equipos viejos) | O17: Lo habitual (conciliación, vista del perfil, retiro de equipos viejos) | P17: Lo habitual (conciliación, vista del perfil, retiro de equipos viejos) | Q17: Lo habitual (conciliación, vista del perfil, retiro de equipos viejos) | R17: Lo habitual (conciliación, vista del perfil, retiro de equipos viejos) | S17: Lo habitual (conciliación, vista del perfil, retiro de equipos viejos) | T17: Lo habitual (conciliación, vista del perfil, retiro de equipos viejos) | U17: Lo habitual (conciliación, vista del perfil, retiro de equipos viejos) | V17: Lo habitual (conciliación, vista del perfil, retiro de equipos viejos) | W17: Lo habitual (conciliación, vista del perfil, retiro de equipos viejos) | X17: Lo habitual (conciliación, vista del perfil, retiro de equipos viejos) | Y17: Lo habitual (conciliación, vista del perfil, retiro de equipos viejos) | Z17: Lo habitual (conciliación, vista del perfil, retiro de equipos viejos) | AA17: Lo habitual (conciliación, vista del perfil, retiro de equipos viejos) | AB17: Lo habitual (conciliación, vista del perfil, retiro de equipos viejos) | AC17: Lo habitual (conciliación, vista del perfil, retiro de equipos viejos) | AD17: Lo habitual (conciliación, vista del perfil, retiro de equipos viejos) | AE17: Lo habitual (conciliación, vista del perfil, retiro de equipos viejos)
A18: H3 | B18: ¿El cliente reclama el reemplazo de decos no declarados? | C18: ¿El cliente reclama el reemplazo de decos no declarados? | E18: N | F18: N | G18: N | H18: N | I18: Sí, se explicó que debía gestionarlo normalmente al 3er deco; dejamos 2 | J18: N | K18: N | L18: N | M18: N | N18: N | O18: N | P18: N | Q18: N | R18: N | S18: N/A | T18: N | U18: N | V18: N | W18: N | X18: N | Y18: N | Z18: N | AA18: N | AB18: N | AC18: N | AD18: N | AE18: N
A19: H3 | B19: ¿El dispositivo se reconoce inmediatamente? | C19: ¿El dispositivo se reconoce inmediatamente? | E19: S | F19: S | G19: No, error en HDMI | H19: S | I19: S | J19: S | K19: S | L19: S | M19: S | N19: S | O19: S | P19: S | Q19: S | R19: S | S19: S | T19: S | U19: S | V19: S | W19: S | X19: S | Y19: S | Z19: S | AA19: No le funcionaba el televisor, se tuvo que probar en otros | AB19: S | AC19: S | AD19: S | AE19: S - No le funcionaba el HDMI; va a comprar un adaptador, se instaló en otro TV
A20: H3 | B20: Llevarse los equipos viejos y firmar consentimiento | C20: Llevarse los equipos viejos y firmar consentimiento | E20: S | F20: S | G20: S | H20: S | I20: S | J20: S | K20: N/A | L20: S | M20: S | N20: S | O20: S | P20: S | Q20: S | R20: S | S20: N/A | T20: S | U20: S | V20: S | W20: S | X20: S | Y20: S | Z20: S | AA20: S | AB20: S | AC20: S | AD20: S | AE20: S
A21: H3 | B21: Confirmar que el perfil del cliente quede activo | C21: Confirmar que el perfil del cliente quede activo | E21: S | F21: S | G21: S | H21: S | I21: S | J21: S | K21: S | L21: S | M21: S | N21: S | O21: S | P21: S | Q21: S | R21: S | S21: S | T21: S | U21: S | V21: S | W21: S | X21: S | Y21: S | Z21: S | AA21: S | AB21: S | AC21: S | AD21: S | AE21: S
A22: H3 | B22: Conciliación de los nuevos decos | C22: Conciliación de los nuevos decos | E22: S | F22: S | G22: S | H22: S | I22: S | J22: S | K22: S | L22: S | M22: S | N22: S | O22: S | P22: S | Q22: S | R22: S | S22: S | T22: S | U22: S | V22: S | W22: S - Se completó la operación en el viaje hacia el otro cliente | X22: S | Y22: S | Z22: S | AA22: S - Se completó la operación en el viaje hacia el otro cliente | AB22: S | AC22: S | AD22: S | AE22: S
A23: H3 | B23: Observaciones H3 | C23: Observaciones H3 | E23: En sistema figuraban 3 cambios; tenían 2. Se hizo figurar un cambio sin retirar un 3er equipo. Desconocían de quién era ese 3er deco; lo pusieron en una habitación cualquiera | Z23: En sistema figuraban dos decos porque el anterior no se quitó
A24: H4. Parte de las fricciones no están asociadas al dispositivo, sino a limitaciones de gestión y registro (suscripciones, credenciales).
A25: H4 | B25: Las suscripciones previamente contratadas no se mantienen activas | C25: Las suscripciones previamente contratadas se mantienen activas | D25: Revisar V04: figura N, pero en el criterio siguiente se registra 'Pack fútbol reconocido en el perfil'. | E25: N/A | F25: N/A | G25: N/A | H25: N | J25: YouTube sin contraseña | K25: N/A | L25: N/A | M25: N/A | N25: Pidió ver HBO, no lo tiene contratado | O25: Sí, tiene pack fútbol | P25: N/A | Q25: Se ve, pack fútbol | R25: N/A | S25: N/A | T25: N/A | U25: N/A | V25: N/A | W25: N/A | X25: N/A | Y25: N/A | Z25: N/A | AA25: N/A | AB25: N/A | AC25: N/A | AD25: N/A | AE25: N/A
A26: H4 | B26: Acceder a las suscripciones previamente contratadas implica un esfuerzo del cliente | C26: Acceder a las suscripciones previamente contratadas implica un esfuerzo del cliente | E26: N/A | F26: N/A | G26: N/A | H26: Pack fútbol reconocido en el perfil | I26: Ayudamos a reconectar su suscripción de Netflix | J26: YouTube en modo visita | K26: N | L26: N/A | M26: Cargar credenciales / Google / Play Store | N26: N/A | O26: N | P26: N | Q26: N | R26: N/A | S26: N/A | T26: N/A | U26: N/A | V26: N/A | W26: N/A | X26: N/A | Y26: N/A | Z26: N/A | AA26: N/A | AB26: N/A | AC26: N/A | AD26: N/A | AE26: N/A
A27: H4 | B27: Las credenciales de las suscripciones no se cargan automáticamente y el usuario no las recuerda y/o expresa disgusto | C27: Las credenciales de las suscripciones se cargan automáticamente o el usuario las recuerda sin expresar disgusto | D27: Polaridad a validar: las N de V07, V09, V11-V12 conviven con notas que indican que no hubo problema. | E27: N/A | F27: N/A | G27: N/A | H27: N/A | I27: Necesitó asistencia | J27: YouTube en modo visita | K27: N | L27: N/A | M27: N | N27: N/A | O27: N | P27: N | Q27: Carga las credenciales | R27: N/A | S27: N/A | T27: N/A | U27: N/A | V27: N/A | W27: N/A | X27: N/A | Y27: N/A | Z27: N/A | AA27: N/A | AB27: N/A | AC27: N/A | AD27: N/A | AE27: N/A
A28: H4 | B28: Las apps de terceros (Netflix/YouTube) se mantienen logueadas | C28: Las apps de terceros (Netflix/YouTube) se mantienen logueadas | E28: N/A | F28: N/A | G28: N/A | H28: N/A | I28: Recordó las credenciales | J28: YouTube en modo visita | K28: N | L28: N/A | M28: S | N28: N/A | O28: N/A | P28: N | Q28: S | R28: N/A | S28: N/A | T28: N/A | U28: N/A | V28: N/A | W28: N/A | X28: N/A | Y28: N/A | Z28: N/A | AA28: N - Se probó YouTube pero no estaba logueado | AB28: N/A | AC28: N - Se probó Netflix dentro de MTV y no estaba logueado | AD28: N/A | AE28: N - Se probó YouTube pero no estaba logueado
A29: H5. Existen consultas recurrentes que podrían resolverse previamente mediante comunicaciones o materiales explicativos.
A30: H5 | B30: Dudas que generan más tiempo de visita | C30: Dudas que generan más tiempo de visita | E30: N | F30: ¿Por qué el cambio? ¿A qué se debe? | G30: N | H30: "¿Hay que pagar algo por el cambio del deco?" | I30: Uso del control remoto / interfaz | J30: N | K30: N | L30: N | M30: N | N30: N | O30: La atención telefónica es mala, no me interpretaron | P30: N | Q30: No sabía qué hacíamos, qué cambiábamos | R30: N | S30: N/A | T30: N | U30: N/A | V30: N/A | W30: ¿Por qué el cambio? ¿A qué se debe? | X30: N/A | Y30: N/A | Z30: N/A | AA30: ¿Por qué el cambio? ¿A qué se debe? | AB30: ¿Por qué el cambio? ¿A qué se debe? | AC30: ¿Por qué el cambio? Hace poco tenía la instalación realizada como nueva | AD30: N/A | AE30: N/A
A31: H5 | B31: El cliente consulta sobre aspectos administrativos (costo, beneficio, titularidad) | C31: El cliente consulta sobre aspectos administrativos (costo, beneficio, titularidad) | E31: N | F31: N | G31: N | H31: N | I31: N | J31: N | K31: N | L31: N | M31: N | N31: N | O31: N | P31: N | Q31: N | R31: N | S31: ¿Tiene costo? (le figura instalación; había pedido cambio de deco) | T31: El deco anterior funcionaba muy mal... | U31: N | V31: N | W31: N | X31: N | Y31: N | Z31: N | AA31: N | AB31: N | AC31: N | AD31: N | AE31: N
A32: H5 | B32: El cliente consulta sobre aspectos operativos (carga o baja de una suscripción) | C32: El cliente consulta sobre aspectos operativos (carga o baja de una suscripción) | E32: N | F32: N | G32: N | H32: N | I32: Contó que lo ayudará la hija cuando vuelva | J32: N | K32: N | L32: N | M32: N | N32: N | O32: N | P32: N | Q32: N | R32: N | S32: N | T32: Netflix: quiero seguir viendo Netflix | U32: N | V32: N | W32: N | X32: N | Y32: N | Z32: Le va a pedir al nieto que le cargue nuevamente usuario y contraseña de Netflix | AA32: N | AB32: N | AC32: N | AD32: N | AE32: N
A33: H5 | B33: El cliente consulta sobre aspectos de uso (otra TV, control remoto, funciones de voz) | C33: El cliente consulta sobre aspectos de uso (otra TV, control remoto, funciones de voz) | D33: La fila original tenía 28 valores; las 2 consultas por control por voz se ubicaron en V19 y V25 por consistencia con otras filas. | E33: N | F33: N | G33: N | H33: N | I33: Pidió que probemos todo el uso; se hizo superficialmente | J33: "Si tengo problemas, ¿qué hago?" (derivamos a 611) | K33: N | L33: Intriga por el nuevo control remoto: más chico, accesos directos interesantes | M33: Menú / apps de terceros | N33: N | O33: Mala atención del operador telefónico | P33: N | Q33: N | R33: N | S33: N | T33: N | U33: N | V33: N | W33: Consulta cómo se usa el control con la voz | X33: N | Y33: N | Z33: N | AA33: N | AB33: N | AC33: Consulta cómo se usa el control con la voz | AD33: N | AE33: N
A34: H5 | B34: El cliente consulta sobre otros temas ajenos a la gestión (facturación, débito, otra avería) | C34: El cliente consulta sobre otros temas ajenos a la gestión (facturación, débito, otra avería) | E34: N | F34: N | G34: Pidió conectar por wifi (antes por ethernet) | H34: N | I34: N | J34: N | K34: N | L34: N | M34: N | N34: N | O34: Por servicio técnico telefónico: su deco no conectaba con el repetidor/módem | P34: N | Q34: ¿Cómo pido un nuevo deco? (pidió un agregado) | R34: N | S34: ¿Tiene costo? | T34: N | U34: N | V34: N | W34: N | X34: N | Y34: N | Z34: Pide que le cambien el módem porque no le funciona bien | AA34: N | AB34: N | AC34: N | AD34: N | AE34: N
A35: H5 | B35: El cliente reclama comunicación / información previa | C35: El cliente reclama comunicación / información previa | E35: N | F35: N | G35: N | H35: No era el titular, era un familiar | I35: Consultó por qué es el cambio | J35: N | K35: N | L35: N | M35: N | N35: N | O35: Dudas con repetidor / módem / conexiones; preguntó por cámara de seguridad | P35: N | Q35: N | R35: Coordinó por teléfono: le dijeron que se podía vincular pero no cómo; pidió ayuda. Le dejamos el manual | S35: N | T35: N | U35: N | V35: N | W35: N | X35: N | Y35: N | Z35: N | AA35: N | AB35: N | AC35: N | AD35: N | AE35: N
A36: H6. Los clientes llegan a la visita con bajo conocimiento sobre el motivo y alcance del cambio de deco.
A37: H6 | B37: El cliente expresa no haber recibido comunicación previa | C37: El cliente expresa haber recibido comunicación previa | D37: Polaridad a validar en V01-V16: con la redacción positiva, N se lee como 'no expresó haber recibido comunicación'. En V17-V27 la nota ('el llamado...') confirma la lectura positiva. | E37: Atendió un familiar, no estaba el cliente | F37: N/A | G37: N | H37: N/A | I37: N | J37: N | K37: N/A | L37: N | M37: N | N37: N | O37: N/A | P37: N/A | Q37: N | R37: N | S37: N | T37: N | U37: S - El llamado para hacer el cambio por una nueva tecnología | V37: S - El llamado para hacer el cambio por una nueva tecnología | W37: S - El llamado para hacer el cambio por una nueva tecnología | X37: S - El llamado para hacer el cambio por una nueva tecnología | Y37: S - El llamado para hacer el cambio por una nueva tecnología | Z37: S - El llamado para hacer el cambio por una nueva tecnología | AA37: S - El llamado para hacer el cambio por una nueva tecnología | AB37: S - El llamado para hacer el cambio por una nueva tecnología | AC37: S - El llamado para hacer el cambio por una nueva tecnología | AD37: S - El llamado para hacer el cambio por una nueva tecnología | AE37: S - El llamado para hacer el cambio por una nueva tecnología
A38: H6 | B38: El cliente no entiende el motivo por el que se realiza el cambio | C38: El cliente entiende el motivo por el que se realiza el cambio | D38: ALERTA: las notas de campo contradicen la lectura positiva (ej. V02 'preguntó por qué' con N implícito; V17-V27 'N - ya se lo decimos desde la puerta' indica que SÍ entendió). No usar S/N para conteo: se analiza sobre las notas. | E38: S | F38: Preguntó "¿por qué?" el cambio | G38: S | H38: Consultó el motivo del cambio / no fue con quien se gestionó | I38: Preguntó el motivo del cambio | J38: S | K38: N | L38: N/A | M38: N | N38: N | O38: Solo características del nuevo deco | P38: Entiende pero pregunta el motivo | Q38: Creyó que cambiábamos otro dispositivo | R38: S | S38: N | T38: N | U38: N - Ya se lo decimos desde la puerta | V38: N - Ya se lo decimos desde la puerta | W38: N - Ya se lo decimos desde la puerta | X38: N - Ya se lo decimos desde la puerta | Y38: N - Ya se lo decimos desde la puerta | Z38: N - Ya se lo decimos desde la puerta | AA38: N - Ya se lo decimos desde la puerta | AB38: N - Ya se lo decimos desde la puerta | AC38: N - Ya se lo decimos desde la puerta | AD38: N - Ya se lo decimos desde la puerta | AE38: N - Ya se lo decimos desde la puerta
A39: H6 | B39: El cliente asume que el cambio tiene otro alcance (deco + control o solo deco) | C39: El cliente asume que el cambio tiene otro alcance (deco + control o solo deco) | E39: N | F39: N | G39: N | H39: N | I39: N | J39: N | K39: N | L39: N | M39: N | N39: N | O39: N | P39: N | R39: N | S39: N | T39: N | U39: N | V39: N | W39: N | X39: N | Y39: N | Z39: N | AA39: N | AB39: N | AC39: N | AD39: N | AE39: N
A40: H6 | B40: Observaciones H6 | C40: Observaciones H6 | S40: La comunicación no es consistente con los registros de servicio
A41: H7. La nueva interfaz del SO y del control remoto genera dificultades de uso.
A42: H7 | B42: Tareas que generan más errores | C42: Tareas que generan más errores | E42: N - El cliente no intentó usar el control remoto | F42: N | G42: N/A | H42: N/A | I42: N | J42: N | K42: N | L42: N | M42: N | N42: N | O42: N | P42: N | Q42: N | R42: N | S42: N | T42: N | U42: N - El cliente no intentó usar el control remoto | V42: N/A | W42: N/A | X42: N/A | Y42: N/A | Z42: N/A | AA42: N - El cliente no intentó usar el control remoto | AB42: N/A | AC42: N/A | AD42: N/A | AE42: N - El cliente no intentó usar el control remoto
A43: H7 | B43: Botones más confusos | C43: Botones más confusos | E43: N/A | F43: N | G43: N/A | H43: N/A | I43: N | J43: Acceso a la grilla | K43: Home | L43: Home / accesos directos, grilla | M43: Menú / Guía, accesos directos, YouTube | N43: N | O43: Le llamaron la atención los botones de acceso directo | P43: N | Q43: N | R43: N | S43: N | T43: N | U43: Vio como positivos los accesos directos | V43: N/A | W43: N/A | X43: N/A | Y43: N/A | Z43: N/A | AA43: N/A | AB43: Le gustó que la luz del deco no quede encendida | AC43: N/A | AD43: N/A | AE43: N/A
A44: H7 | B44: Cantidad de asistencias necesarias | C44: Cantidad de asistencias necesarias | E44: N/A | F44: N/A | G44: N/A | H44: N/A | I44: Consultó uso, menú, otras apps | J44: N/A | K44: N | L44: N/A | M44: YouTube, Netflix, etc. | N44: N/A | O44: N | P44: N | Q44: N | R44: N | S44: N | T44: N | U44: N | V44: N | W44: N | X44: N | Y44: N | Z44: N | AA44: N | AB44: N | AC44: N | AD44: N | AE44: N
A45: H7 | B45: El cliente no reconoce funcionalidades del control remoto | C45: El cliente reconoce las funcionalidades del control remoto | D45: Polaridad a validar: con la redacción positiva, 'Consultó por accesos directos' (V05, V21) convive con S en casos similares. Confirmar con el observador. | E45: N/A | F45: S | G45: N/A | H45: N/A | I45: Consultó por accesos directos | J45: N/A | L45: S | M45: S | N45: N/A | O45: N | P45: N/A | Q45: N/A | R45: N | S45: N | T45: N | U45: N/A | V45: S | W45: N/A | X45: N/A | Y45: Consultó por accesos directos | Z45: S | AA45: S | AB45: S | AC45: N/A | AD45: N/A | AE45: N/A
A46: H7 | B46: El cliente no logra ver el contenido | C46: El cliente logra ver el contenido | E46: S | F46: S | G46: S | H46: S | I46: S | J46: S | K46: S | L46: S | M46: S | N46: S | O46: S | P46: S | Q46: S | R46: S | S46: N | T46: S | U46: S | V46: S | W46: S | X46: S | Y46: S | Z46: S | AA46: S | AB46: S | AC46: S | AD46: S | AE46: S
A47: H7 | B47: El cliente no logra ver las suscripciones | C47: El cliente logra ver las suscripciones | D47: Polaridad a validar en V14-V27: N con la redacción positiva indicaría que no las ve, pero no hay notas de problema (probablemente sin suscripciones contratadas). | E47: N/A | F47: N/A | G47: N/A | H47: N/A | I47: S | J47: N/A | K47: N/A | L47: N/A | M47: S | N47: N/A | O47: Pack fútbol | P47: N/A | Q47: N/A | R47: N | S47: N | T47: N | U47: N | V47: N | W47: N | X47: N | Y47: N | Z47: N | AA47: N | AB47: N | AC47: N | AD47: N | AE47: N
A48: H7 | B48: El cliente no logra ver datos de perfil | C48: El cliente logra ver datos de perfil | E48: S | F48: S | G48: S | H48: S | I48: S | J48: S | K48: S | L48: S | M48: S | N48: S | O48: S | P48: S | Q48: S | R48: S | S48: S | T48: S | U48: S | V48: S | W48: S | X48: S | Y48: S | Z48: S | AA48: S | AB48: S | AC48: S | AD48: S | AE48: S
A49: H8. La nueva interfaz del SO y del control remoto genera frustración en la adopción.
A50: H8 | B50: Frases como "antes era más fácil" o "ahora es más fácil" | C50: Frases como "antes era más fácil" o "ahora es más fácil" | E50: N | F50: N | G50: N | H50: N | I50: "Me costó el anterior, este parece igual" | J50: "Este nuevo deco es más chico" | K50: N | L50: "Es más chico" | M50: Es igual al anterior, más chico; tiene accesos directos. Preguntó por ventajas y diferencias con el anterior | N50: N | O50: N | P50: "Ah, es más nuevo..." "¿Se llevan el viejo?" | Q50: N | R50: N | S50: N | T50: N | U50: N | V50: N | W50: N | X50: N | Y50: N | Z50: N | AA50: N | AB50: N | AC50: N | AD50: N | AE50: N
A51: H8 | B51: Señales (gestos, muecas, expresiones) de resistencia al cambio | C51: Señales (gestos, muecas, expresiones) de resistencia al cambio | E51: N | F51: N | G51: N | H51: N | I51: N | J51: N | K51: N | L51: N | M51: N | N51: N | O51: N | P51: N | Q51: N | R51: N | S51: N | T51: N | U51: N | V51: N | W51: N | X51: N | Y51: N | Z51: N | AA51: N | AB51: N | AC51: N | AD51: N | AE51: N
A52: H8 | B52: Inseguridad manifiesta ("voy a necesitar ayuda", "no creo que pueda") | C52: Inseguridad manifiesta ("voy a necesitar ayuda", "no creo que pueda") | E52: N | F52: N | G52: N | H52: N | I52: Ayuda de la hija luego | J52: N | K52: N | L52: N | M52: N | N52: N | O52: N | P52: N | Q52: N | R52: N | S52: N | T52: N | U52: N | V52: N | W52: N | X52: N | Y52: N | Z52: N | AA52: N | AB52: N | AC52: N | AD52: N | AE52: N
A53: H8 | B53: El cliente requiere asistencia permanente del técnico (falta de autonomía) | C53: El cliente requiere asistencia permanente del técnico (falta de autonomía) | E53: N | F53: N | G53: N | H53: N | I53: Antes de irse el técnico, pidió probar todo, que todo funcione y que mostremos cómo se veía | J53: N | K53: N | L53: N | M53: N | N53: N | O53: N | P53: N | Q53: N | R53: N | S53: N | T53: N | U53: N | V53: N | W53: N | X53: N | Y53: N | Z53: N | AA53: N | AB53: N | AC53: N | AD53: N | AE53: N
A54: H8 | B54: El cliente manifiesta rechazo ante la nueva interfaz | C54: El cliente manifiesta rechazo ante la nueva interfaz | E54: N | F54: N | G54: N | H54: N | I54: Los cambios de pantalla (UI) generan dudas | J54: N | K54: N | L54: N | M54: N | N54: N | O54: N | P54: N | Q54: N | R54: N | S54: N | T54: N | U54: N | V54: N | W54: N | X54: N | Y54: N | Z54: N | AA54: N | AB54: N | AC54: N | AD54: N | AE54: N

Sheet Codificado
A1: Hipótesis | B1: Criterio (redacción positiva) | C1: Alerta | D1: Tipo | E1: V01 | F1: V02 | G1: V03 | H1: V04 | I1: V05 | J1: V06 | K1: V07 | L1: V08 | M1: V09 | N1: V10 | O1: V11 | P1: V12 | Q1: V13 | R1: V14 | S1: V15 | T1: V16 | U1: V17 | V1: V18 | W1: V19 | X1: V20 | Y1: V21 | Z1: V22 | AA1: V23 | AB1: V24 | AC1: V25 | AD1: V26 | AE1: V27
B2: Base recambio (Sí = se incluye en el Resumen) | E2: Sí | F2: Sí | G2: Sí | H2: Sí | I2: Sí | J2: Sí | K2: No | L2: Sí | M2: Sí | N2: Sí | O2: Sí | P2: Sí | Q2: Sí | R2: Sí | S2: No | T2: Sí | U2: Sí | V2: Sí | W2: Sí | X2: Sí | Y2: Sí | Z2: Sí | AA2: Sí | AB2: Sí | AC2: Sí | AD2: Sí | AE2: Sí
A3: H1 | B3: Llegada: el momento genera una reacción relevante del cliente (sorpresa, duda, emoción) | C3: No | D3: S/N | E3: N | F3: N | G3: N | H3: N | I3: Sin registro | J3: Nota | K3: N | L3: N | M3: Nota | N3: N | O3: N | P3: N | Q3: Nota | R3: Nota | S3: N/A | T3: N | U3: N | V3: N | W3: N | X3: N | Y3: N | Z3: N | AA3: Nota | AB3: N | AC3: N | AD3: N | AE3: N
A4: H1 | B4: Explicación del cambio: el momento genera una reacción relevante del cliente | C4: No | D4: S/N | E4: N | F4: S | G4: Nota | H4: S | I4: Sin registro | J4: N | K4: N/A | L4: N | M4: N | N4: N | O4: Nota | P4: Nota | Q4: N | R4: N | S4: N/A | T4: N | U4: S | V4: S | W4: S | X4: S | Y4: S | Z4: S | AA4: S | AB4: S | AC4: S | AD4: S | AE4: S
A5: H1 | B5: Instalación: el momento genera una reacción relevante del cliente | C5: No | D5: S/N | E5: N | F5: N | G5: N | H5: N | I5: Sin registro | J5: N | K5: N | L5: N | M5: N | N5: N | O5: N | P5: N | Q5: N | R5: N | S5: N/A | T5: N | U5: N | V5: N | W5: N | X5: N | Y5: N | Z5: N | AA5: N | AB5: N | AC5: N | AD5: N | AE5: N
A6: H1 | B6: Prueba del servicio: el momento genera una reacción relevante del cliente | C6: No | D6: S/N | E6: S | F6: S | G6: S | H6: Nota | I6: Sin registro | J6: S | K6: S | L6: Nota | M6: S | N6: Nota | O6: Nota | P6: N | Q6: N | R6: Nota | S6: N | T6: Nota | U6: S | V6: S | W6: S | X6: S | Y6: S | Z6: S | AA6: S | AB6: S | AC6: Nota | AD6: S | AE6: S
A7: H1 | B7: Cierre: el momento genera una reacción relevante del cliente | C7: No | D7: S/N | E7: Nota | F7: N | G7: Nota | H7: N | I7: Sin registro | J7: N | K7: N | L7: N | M7: N | N7: N | O7: N | P7: N | Q7: N | R7: N | S7: N | T7: Nota | U7: N | V7: N | W7: N | X7: N | Y7: N | Z7: N | AA7: N | AB7: N | AC7: N | AD7: N | AE7: N
A8: H2 | B8: Ante preguntas: responde correctamente y de manera completa | C8: No | D8: S/N | E8: S | F8: S | G8: S | H8: S | I8: S | J8: S | K8: S | L8: S | M8: S | N8: S | O8: S | P8: S | Q8: S | R8: S | S8: S | T8: S | U8: S | V8: S | W8: S | X8: S | Y8: S | Z8: S | AA8: S | AB8: S | AC8: S | AD8: S | AE8: S
A9: H2 | B9: Ante preguntas reiteradas sobre el mismo tema, reformula y adapta su lenguaje | C9: No | D9: S/N | E9: S | F9: S | G9: S | H9: N/A | I9: S | J9: S | K9: S | L9: N/A | M9: S | N9: N/A | O9: N/A | P9: N/A | Q9: S | R9: S | S9: S | T9: S | U9: N/A | V9: N/A | W9: N/A | X9: N/A | Y9: N/A | Z9: N/A | AA9: S | AB9: N/A | AC9: N/A | AD9: N/A | AE9: N/A
A10: H2 | B10: Explicaciones claras, correctas y completas | C10: No | D10: S/N | E10: N | F10: N | G10: N | H10: N | I10: S | J10: N | K10: N | L10: N | M10: S | N10: N | O10: N | P10: N | Q10: N | R10: N | S10: N | T10: N | U10: Nota | V10: N | W10: N | X10: N | Y10: N | Z10: N | AA10: N | AB10: N | AC10: N | AD10: N | AE10: N
A11: H2 | B11: Demuestra empatía y contención | C11: No | D11: S/N | E11: S | F11: S | G11: S | H11: S | I11: S | J11: S | K11: S | L11: S | M11: S | N11: S | O11: S | P11: S | Q11: S | R11: S | S11: S | T11: S | U11: S | V11: S | W11: S | X11: S | Y11: S | Z11: S | AA11: S | AB11: S | AC11: S | AD11: S | AE11: S
A12: H3 | B12: ¿El técnico necesitó reintentar la instalación? | C12: No | D12: S/N | E12: N | F12: N | G12: N | H12: N | I12: N | J12: N | K12: N | L12: N | M12: N | N12: N | O12: N/A | P12: N | Q12: N | R12: N | S12: N | T12: N | U12: N | V12: N | W12: N | X12: N | Y12: N | Z12: N | AA12: N | AB12: N | AC12: N | AD12: N | AE12: N
A13: H3 | B13: ¿El técnico necesitó pedir soporte técnico durante la visita? | C13: No | D13: S/N | E13: N | F13: N | G13: N | H13: N | I13: N | J13: N | K13: N | L13: N | M13: N | N13: N | O13: N | P13: N | Q13: N | R13: N | S13: N | T13: N | U13: N | V13: N | W13: N | X13: N | Y13: N | Z13: N | AA13: N | AB13: N | AC13: N | AD13: N | AE13: N
A14: H3 | B14: ¿El técnico necesitó gestionar aspectos administrativos durante la visita? | C14: No | D14: Constante | E14: Nota | F14: Nota | G14: Nota | H14: Nota | I14: Nota | J14: Nota | K14: Nota | L14: Nota | M14: Nota | N14: Nota | O14: Nota | P14: Nota | Q14: Nota | R14: Nota | S14: Nota | T14: Nota | U14: Nota | V14: Nota | W14: Nota | X14: Nota | Y14: Nota | Z14: Nota | AA14: Nota | AB14: Nota | AC14: Nota | AD14: Nota | AE14: Nota
... A44: H8 | B44: El cliente manifiesta rechazo ante la nueva interfaz | C44: No | D44: S/N | E44: N | F44: N | G44: N | H44: N | I44: Nota | J44: N | K44: N | L44: N | M44: N | N44: N | O44: N | P44: N | Q44: N | R44: N | S44: N | T44: N | U44: N | V44: N | W44: N | X44: N | Y44: N | Z44: N | AA44: N | AB44: N | AC44: N | AD44: N | AE44: N
